"DESCRIPTION","DURATION IN MS","NAME","PARENT SUITE","START TIME","STATUS","STOP TIME","SUB SUITE","SUITE","TEST CLASS","TEST METHOD"
"","23","sendContactMessage POSTs the form values to /api/contact","contact API","2026-10-02","passed","2026-10-02","contact","web/lib/api","",""
"","515","/en/register returns 200 with no console errors","Desktop Chrome","2026-10-02","failed","2026-10-02","Pre-launch smoke — every public page","pre-launch-smoke.spec.ts","",""
"HTTP-level integration test for the Reviews module.

Bootstraps a real Nest application with the same global pipes as production
(ValidationPipe with whitelist/transform), then exercises the REST endpoints
via supertest. This covers the entire flow that broke in browser:
- Content-Type parsing
- DTO validation (rating bounds, types, optional fields)
- JWT guard
- Verified-purchase guard
- Successful creation with empty/missing comment (stars only)

Prisma is fully mocked — no database required.","27","returns 400 when productId is missing","","2026-10-02","passed","2026-10-02","","Reviews HTTP integration","",""
"","20","falls back to userId in the email column when guestEmail is null","","2026-10-02","passed","2026-10-02","exportToCsv()","OrdersService","",""
"","218","renders headings as semantic h1/h2","MarkdownRenderer","2026-10-02","passed","2026-10-02","markdown-renderer","web/components/admin","",""
"","3","sets source to ""web""","buildOrderPayload()","2026-10-02","passed","2026-10-02","build-order-payload","web/app/locale","",""
"","225","returns 429 after the per-minute limit of 3 is exceeded","","2026-10-02","passed","2026-10-02","","NewsletterController rate limit","",""
"","143","stores hashed (not plain-text) passwords for both users","","2026-10-02","passed","2026-10-02","","seedUsers","",""
"","176","shows error when new passwords do not match","ChangePasswordForm","2026-10-02","passed","2026-10-02","change-password-form","web/app/locale","",""
"","234","shows ""email taken"" error when API returns 409","RegisterForm — error handling","2026-10-02","passed","2026-10-02","register-form","web/app/locale","",""
"","3","allows access when @Roles() is set to empty array","","2026-10-02","passed","2026-10-02","","RolesGuard","",""
"","251","renders products with low-stock badge when isLowStock=true","InventoryTable","2026-10-02","passed","2026-10-02","inventory-table","web/app/locale","",""
"","36","sets expressItem and navigates to /checkout on click","BuyNowButton","2026-10-02","passed","2026-10-02","buy-now-button","web/components/features","",""
"","1","/home/runner/work/handmade-jewelry-store/handmade-jewelry-store/apps/web/src/components/shared/mobile-nav.tsx contains no known dead routes","shared navigation — internal links","2026-10-02","passed","2026-10-02","","","",""
"","3","returns null when below Afterpay minimum ($35)","calculateInstallmentPreview()","2026-10-02","passed","2026-10-02","installment-preview","web/lib/__tests__","",""
"","1","returns 0 for standard shipping when subtotal meets the free threshold","calculateShippingCost","2026-10-02","passed","2026-10-02","shipping-options","web/app/locale","",""
"","38","renders ProductDetail when the slug resolves to a real product","ProductPage — notFound behaviour (regression: #289)","2026-10-02","passed","2026-10-02","page + not-found","web/app/[locale]/products/[slug]","",""
"","7","hides the asterisk when hideApproximationHint=true","DisplayPrice — CAD/GBP (conversion + approximation hint)","2026-10-02","passed","2026-10-02","display-price","web/components/shared","",""
"","5","updates only fields that were provided","","2026-10-02","passed","2026-10-02","updateProfile","UsersService","",""
"","8","returns localized content when the locale-specific file exists","loadHelpContent — fallback to en","2026-10-02","passed","2026-10-02","load-help-content","web/lib/admin-help","",""
"","61","renders total amount","AdminOrderDetail — rendering","2026-10-02","passed","2026-10-02","admin-order-detail","web/app/locale","",""
"","4","accepts stock = 1 (one piece ready)","","2026-10-02","passed","2026-10-02","","CreateProductDto stock validation","",""
"","4","accepts a long password with all character classes","","2026-10-02","passed","2026-10-02","","RegisterDto password strength validation","",""
"","8","does NOT trigger back-in-stock when stock stays >0 after the update","","2026-10-02","passed","2026-10-02","update","ProductsService","",""
"","72","changes aria-label to ""Hide password"" after toggling visibility on","LoginForm — password visibility toggle","2026-10-02","passed","2026-10-02","login-form","web/app/locale","",""
"HTTP integration test for the Wishlist module — exercises the full
NestJS request pipeline (JWT guard, ValidationPipe, controller, service)
with Prisma fully mocked. Mirrors the contract used by the frontend.","325","returns 401 on GET /wishlist without token","","2026-10-02","passed","2026-10-02","","Wishlist HTTP integration","",""
"","13","mentions Stripe as the payment processor","TermsPage — payment and legal","2026-10-02","passed","2026-10-02","terms-page","web/app/locale","",""
"","1","removes the product from the cart","removeItem()","2026-10-02","passed","2026-10-02","cart.store","web/store/__tests__","",""
"","0","cart page shows added items","Desktop Chrome","2026-10-02","skipped","2026-10-02","Add to cart → Checkout flow","checkout-flow.spec.ts","",""
"","92","displays the product title","CartItemRow — rendering","2026-10-02","passed","2026-10-02","cart-item-row","web/app/locale","",""
"","275","renders tracking number block when trackingNumber is provided","","2026-10-02","passed","2026-10-02","","buildShippingNotificationEmail","",""
"","300","is a no-op when SLACK_WEBHOOK_URL is not configured","","2026-10-02","passed","2026-10-02","","SlackNotifierService.sendDisputeAlert","",""
"","4","does not overwrite an existing opt-out (idempotent on repeat renders)","GpcHonorer","2026-10-02","passed","2026-10-02","gpc-honorer","web/components/shared","",""
"","0","starts as null","expressItem flow","2026-10-02","passed","2026-10-02","cart.store","web/store/__tests__","",""
"","88","shows ""Edit reply"" instead of ""Reply"" when a reply already exists","AdminReviewsTable — seller reply","2026-10-02","passed","2026-10-02","admin-reviews-table","web/app/locale","",""
"","1","rejects a password with no digit","","2026-10-02","passed","2026-10-02","","ResetPasswordDto password strength validation","",""
"","192","renders Prev/Next buttons and info text for a multi-page result","AdminPagination","2026-10-02","passed","2026-10-02","","","",""
"","1","returns 0 for standard shipping when subtotal exceeds the free threshold","calculateShippingCost","2026-10-02","passed","2026-10-02","shipping-options","web/app/locale","",""
"","274","returns stats from AdminService","","2026-10-02","passed","2026-10-02","getStats","AdminController","",""
"","5","shows the current minPrice value in the min input","PriceFilter — rendering","2026-10-02","passed","2026-10-02","price-filter","web/app/locale","",""
"","2","fetchLoyaltyTransactions GETs /transactions and returns the array","loyalty API — fetchers","2026-10-02","passed","2026-10-02","loyalty","web/lib/api","",""
"","3","forbids DELIVERED → SHIPPED (cannot revert delivery confirmation)","","2026-10-02","passed","2026-10-02","forbidden transitions (backward movements)","isValidOrderStatusTransition","",""
"","6","does not send review-request when guestEmail is absent (registered user)","","2026-10-02","passed","2026-10-02","updateStatus()","OrdersService","",""
"","53","changes password input type to ""text"" when show-password button is clicked","LoginForm — password visibility toggle","2026-10-02","passed","2026-10-02","login-form","web/app/locale","",""
"","13","propagates ForbiddenException when a non-owner caller has no token (#537 IDOR)","","2026-10-02","passed","2026-10-02","createPaymentIntent","PaymentsService","",""
"","5","saves the reply text and stamps sellerRepliedAt with a fresh Date","","2026-10-02","passed","2026-10-02","setSellerReply","ReviewsService","",""
"","3","returns rounded cm with 1 decimal place","convertLength — metric system","2026-10-02","passed","2026-10-02","measurementConverter","web/lib/__tests__","",""
"","1","switches to CAD","useCurrencyStore — setDisplayCurrency","2026-10-02","passed","2026-10-02","currency.store","web/store/__tests__","",""
"","2","default export returns an ImageResponse","locale opengraph-image","2026-10-02","passed","2026-10-02","opengraph-image","web/app/locale","",""
"","1","rejects a segment with uppercase letters","resolveHelpDocPath — path traversal guard","2026-10-02","passed","2026-10-02","load-help-content","web/lib/admin-help","",""
"","5","throws NotFoundException when category does not exist","","2026-10-02","passed","2026-10-02","findOne","CategoriesService","",""
"","165","calls onNext with selected option when continue is clicked","CheckoutShippingMethodForm","2026-10-02","passed","2026-10-02","checkout-shipping-method-form","web/app/locale","",""
"","0","lists every missing required var with a description","","2026-10-02","passed","2026-10-02","","validateRequiredEnv","",""
"","1","rounds to the closest standard size when between rows","findUsSizeByDiameter()","2026-10-02","passed","2026-10-02","ring-sizes","web/lib/__tests__","",""
"","1","handles conditional class that evaluates to false","cn()","2026-10-02","passed","2026-10-02","utils","web/lib/__tests__","",""
"","93","restores password input type to ""password"" when toggled off","LoginForm — password visibility toggle","2026-10-02","passed","2026-10-02","login-form","web/app/locale","",""
"","30","rolls back the optimistic add when the API fails","WishlistButton","2026-10-02","passed","2026-10-02","wishlist-button","web/components/features","",""
"","62","removes the item from cart when the remove button is clicked","CartItemRow — remove","2026-10-02","passed","2026-10-02","cart-item-row","web/app/locale","",""
"","38","renders order with status badge and total","OrderHistoryList","2026-10-02","passed","2026-10-02","order-history-list","web/app/locale","",""
"","13","findAll() returns the service list verbatim","","2026-10-02","passed","2026-10-02","","AdminDiscountsController","",""
"","3","propagates ConflictException when slug is taken","","2026-10-02","passed","2026-10-02","create","AdminCategoriesController","",""
"","3","rejects a second label purchase on the same order","","2026-10-02","passed","2026-10-02","purchaseLabel","ShippingService","",""
"","2","returns 0 for an empty cart","useCartTotalPrice()","2026-10-02","passed","2026-10-02","cart.store","web/store/__tests__","",""
"","15","countLowStock() passes undefined threshold straight through (service applies default)","","2026-10-02","passed","2026-10-02","","AdminInventoryController","",""
"","535","/en/forgot-password returns 200 with no console errors","Desktop Chrome","2026-10-02","failed","2026-10-02","Pre-launch smoke — every public page","pre-launch-smoke.spec.ts","",""
"HTTP-level integration test for the Reviews module.

Bootstraps a real Nest application with the same global pipes as production
(ValidationPipe with whitelist/transform), then exercises the REST endpoints
via supertest. This covers the entire flow that broke in browser:
- Content-Type parsing
- DTO validation (rating bounds, types, optional fields)
- JWT guard
- Verified-purchase guard
- Successful creation with empty/missing comment (stars only)

Prisma is fully mocked — no database required.","8","queries Prisma to require DELIVERED — PROCESSING alone is not enough","","2026-10-02","passed","2026-10-02","","Reviews HTTP integration","",""
"","1","stores the error message","ApiError","2026-10-02","passed","2026-10-02","client","web/lib/api","",""
"","2","defaults to imperial for US market","useMeasurementStore — initial state","2026-10-02","passed","2026-10-02","measurement.store","web/store/__tests__","",""
"","190","renders a select element","SortFilter — rendering","2026-10-02","passed","2026-10-02","sort-filter","web/app/locale","",""
"","78","renders the brand story section","AboutPage — structure","2026-10-02","passed","2026-10-02","about-page","web/app/locale","",""
"","9","hides the crafting line when no cart item has productionDays > 0","CheckoutOrderSummary","2026-10-02","passed","2026-10-02","checkout-order-summary","web/app/locale","",""
"","2","renders headers as the first line with CRLF separators","","2026-10-02","passed","2026-10-02","","buildCsvDocument","",""
"","5","returns empty array when user has no wishlist row yet","","2026-10-02","passed","2026-10-02","getWishlist","WishlistService","",""
"","1","disables both analytics and marketing","useCookieConsentStore: rejectAll","2026-10-02","passed","2026-10-02","cookie-consent.store","web/store/__tests__","",""
"","3","ignores duplicate deliveries on an already-DELIVERED order","","2026-10-02","passed","2026-10-02","handleWebhook","ShippingService","",""
"","3","fires GA4 purchase with transactionId + full items array","OrderPlacedTracker — dispatches conversion to every channel","2026-10-02","passed","2026-10-02","order-placed-tracker","web/app/locale","",""
"","8","shows FREE label in shipping row","CartSummary — above free shipping threshold ($130)","2026-10-02","passed","2026-10-02","cart-summary","web/app/locale","",""
"","1","trackPinCheckout sends checkout with order data","pintrk analytics helpers","2026-10-02","passed","2026-10-02","pintrk","web/lib/analytics","",""
"","3","no-ops on zero points","","2026-10-02","passed","2026-10-02","spendForCheckout","LoyaltyService","",""
"","244","renders the brand-aligned welcome subject","","2026-10-02","passed","2026-10-02","","buildWelcomeEmail","",""
"","14","filters by categorySlug when provided","","2026-10-02","passed","2026-10-02","findAll","ProductsService","",""
"","3","rejects inactive codes","","2026-10-02","passed","2026-10-02","validate()","DiscountsService","",""
"","3","stores the HTTP status code","ApiError","2026-10-02","passed","2026-10-02","client","web/lib/api","",""
"","191","shows error state and back link when token is missing","ResetPasswordForm — invalid token","2026-10-02","passed","2026-10-02","reset-password-form","web/app/locale","",""
"","1","maps /admin/orders to orders/overview","getHelpSlugForPath — orders","2026-10-02","passed","2026-10-02","path-to-help-slug","web/lib/admin-help","",""
"","1","exports correct OG image dimensions — 1200×630","opengraph-image","2026-10-02","passed","2026-10-02","opengraph-image","web/app/__tests__","",""
"","20","uses a <main> landmark as root element","PrivacyPage — structure","2026-10-02","passed","2026-10-02","privacy-page","web/app/locale","",""
"HTTP-level integration test for the Reviews module.

Bootstraps a real Nest application with the same global pipes as production
(ValidationPipe with whitelist/transform), then exercises the REST endpoints
via supertest. This covers the entire flow that broke in browser:
- Content-Type parsing
- DTO validation (rating bounds, types, optional fields)
- JWT guard
- Verified-purchase guard
- Successful creation with empty/missing comment (stars only)

Prisma is fully mocked — no database required.","6","creates review with rating=5 and no comment (stars only)","","2026-10-02","passed","2026-10-02","","Reviews HTTP integration","",""
"","194","renders order title with short id after data loads","AdminOrderDetail — rendering","2026-10-02","passed","2026-10-02","admin-order-detail","web/app/locale","",""
"","3","calls next() to continue the middleware chain","","2026-10-02","passed","2026-10-02","","RequestLoggerMiddleware","",""
"","30","applies the default variant class","Button","2026-10-02","passed","2026-10-02","button","web/components/ui","",""
"","2","rejects stock = 2 (handmade pieces are unique)","","2026-10-02","passed","2026-10-02","","CreateProductDto stock validation","",""
"","6","still emails admin when Slack notification throws (Slack outage tolerance)","","2026-10-02","passed","2026-10-02","handleChargeDisputeCreated","StripeWebhooksService","",""
"","3","updates password, clears reset token, and revokes all sessions","","2026-10-02","passed","2026-10-02","resetPassword","AuthService","",""
"","19","starts with isSubmitting false","useSubmitCheckoutOrder()","2026-10-02","passed","2026-10-02","use-submit-checkout-order","web/app/locale","",""
"","6","passes null orderAccessToken when the header is absent (owner path)","","2026-10-02","passed","2026-10-02","acceptTerms()","OrdersController","",""
"","8","allows DELIVERED → REFUNDED for return within 30-day window","","2026-10-02","passed","2026-10-02","allowed transitions (happy path)","isValidOrderStatusTransition","",""
"","135","renders the empty cart heading","EmptyCart","2026-10-02","passed","2026-10-02","empty-cart","web/app/locale","",""
"","58","renders status history timeline entries","AdminOrderDetail — rendering","2026-10-02","passed","2026-10-02","admin-order-detail","web/app/locale","",""
"","6","deleteCategory DELETEs /:id","categories API","2026-10-02","passed","2026-10-02","categories","web/lib/api","",""
"","3","returns null when password does not match","","2026-10-02","passed","2026-10-02","validateUserCredentials","AuthService","",""
"","5","sorts by deadline ascending — most urgent first","","2026-10-02","passed","2026-10-02","findProductionQueue()","OrdersProductionService","",""
"","30","opts the user out of sale/share on click (forces both categories OFF)","DoNotSellLink","2026-10-02","passed","2026-10-02","do-not-sell-link","web/components/shared","",""
"","4","fetchAdminInventory passes threshold and lowStockOnly when provided","products API — admin list & detail","2026-10-02","passed","2026-10-02","products-admin","web/lib/api","",""
"","4","update() passes the URL param as discountId to the service","","2026-10-02","passed","2026-10-02","","AdminDiscountsController","",""
"","52","hides the Clear filters button when no filters are active","AdminRefundsTable — filters","2026-10-02","passed","2026-10-02","admin-refunds-table","web/app/locale","",""
"","39","calls acceptAll on the store when ""Accept all"" is clicked","CookieBanner — default view actions","2026-10-02","passed","2026-10-02","cookie-banner","web/components/shared","",""
"","50","uses custom labels when provided","ConfirmDialog — rendering","2026-10-02","passed","2026-10-02","confirm-dialog","web/components/admin","",""
"","1","rejects an empty city","checkoutAddressSchema","2026-10-02","passed","2026-10-02","checkout-address-schema","web/app/locale","",""
"","2","translates Prisma P2002 unique-code violation to 409 ConflictException","","2026-10-02","passed","2026-10-02","create()","DiscountsService","",""
"","1","serializes defined string / number / boolean values","toQueryString()","2026-10-02","passed","2026-10-02","query-string","web/lib/api","",""
"","1","adds a product id","wishlist.store","2026-10-02","passed","2026-10-02","wishlist.store","web/store/__tests__","",""
"","3","filters by status when status is provided","","2026-10-02","passed","2026-10-02","findAllAdmin","ProductsService","",""
"HTTP-level integration test for the Reviews module.

Bootstraps a real Nest application with the same global pipes as production
(ValidationPipe with whitelist/transform), then exercises the REST endpoints
via supertest. This covers the entire flow that broke in browser:
- Content-Type parsing
- DTO validation (rating bounds, types, optional fields)
- JWT guard
- Verified-purchase guard
- Successful creation with empty/missing comment (stars only)

Prisma is fully mocked — no database required.","9","returns 403 when user has not purchased the product","","2026-10-02","passed","2026-10-02","","Reviews HTTP integration","",""
"","263","returns the user enriched with tokenId when findById resolves a user","","2026-10-02","passed","2026-10-02","","JwtStrategy.validate()","",""
"","4","generateMetadata returns empty metadata on fetch failure (avoids leaking 404 title)","ProductPage — notFound behaviour (regression: #289)","2026-10-02","passed","2026-10-02","page + not-found","web/app/[locale]/products/[slug]","",""
"","2","returns false when only sort params are set (sort is not a filter)","useCatalogFilters — hasActiveFilters","2026-10-02","passed","2026-10-02","use-catalog-filters","web/app/locale","",""
"","15","accepts a password with lowercase, uppercase, and digit","","2026-10-02","passed","2026-10-02","","ResetPasswordDto password strength validation","",""
"","19","renders USD as ""$X.XX"" with two decimals","formatCurrencyPrice","2026-10-02","passed","2026-10-02","formatCurrencyPrice","web/lib/__tests__","",""
"","3","includes product entries with required Google Shopping fields","Google Shopping Feed","2026-10-02","passed","2026-10-02","google-shopping","web/app/feed","",""
"","569","/en/contact returns 200 with no console errors","Desktop Chrome","2026-10-02","failed","2026-10-02","Pre-launch smoke — every public page","pre-launch-smoke.spec.ts","",""
"","505","shows all nav links in the mobile sidebar","Desktop Chrome","2026-10-02","passed","2026-10-02","Mobile navigation","navigation.spec.ts","",""
"","314","Publish confirmation triggers the bulk API call","AdminProductsTable — bulk actions","2026-10-02","passed","2026-10-02","admin-products-table","web/app/locale","",""
"","5","caps FIXED_AMOUNT discount at subtotal — never reduces cart below 0","","2026-10-02","passed","2026-10-02","computeDiscountAmountCents()","DiscountsService","",""
"","937","updates payment to SUCCEEDED and order to PAID","","2026-10-02","passed","2026-10-02","handlePaymentIntentSucceeded","StripeWebhooksService","",""
"","269","Publish opens confirmation dialog without calling the API yet (#267)","AdminProductsTable — bulk actions","2026-10-02","passed","2026-10-02","admin-products-table","web/app/locale","",""
"","37","returns 429 after the per-minute limit of 3 is exceeded","","2026-10-02","passed","2026-10-02","","ContactController","",""
"","337","upserts the singleton row with id ""default""","","2026-10-02","passed","2026-10-02","getSettings()","SiteSettingsService","",""
"","3","removing an item calls DELETE /api/wishlist/:productId and clears the row","Desktop Chrome","2026-10-02","skipped","2026-10-02","Wishlist — authenticated /account/wishlist","reviews-wishlist.spec.ts","",""
"","3","searchProducts URL-encodes the query","products API — public","2026-10-02","passed","2026-10-02","products-admin","web/lib/api","",""
"","41","renders summary row with total revenue, order count and avg order","RevenueChart — rendering","2026-10-02","passed","2026-10-02","revenue-chart","web/app/locale","",""
"","17","does not initialize PostHog without consent","PostHogAnalytics","2026-10-02","passed","2026-10-02","posthog","web/components/analytics","",""
"","11","discloses production time of 5–10 business days before shipment","TermsPage — handmade-specific disclosures","2026-10-02","passed","2026-10-02","terms-page","web/app/locale","",""
"","1","script-src pins nonce + strict-dynamic (blocks XSS-injected inline scripts)","buildContentSecurityPolicy — with nonce","2026-10-02","passed","2026-10-02","security-headers","web/lib","",""
"","0","rounds up totalPages for a partial last page","","2026-10-02","passed","2026-10-02","","paginate()","",""
"","32","throws NotFoundException when the order does not exist","","2026-10-02","passed","2026-10-02","acceptTerms()","OrdersService","",""
"","4","returns profile with full order history, addresses, and lifetime value","","2026-10-02","passed","2026-10-02","findCustomerById()","UsersService","",""
"","321","Move to draft confirmation triggers the bulk API call","AdminProductsTable — bulk actions","2026-10-02","passed","2026-10-02","admin-products-table","web/app/locale","",""
"","32","renders as a <button> element by default","Button","2026-10-02","passed","2026-10-02","button","web/components/ui","",""
"","1","removes only the specified product, leaving others intact","removeItem()","2026-10-02","passed","2026-10-02","cart.store","web/store/__tests__","",""
"","761","auto-generates slug from title after 400ms debounce","ProductForm (create) — slug auto-generation","2026-10-02","passed","2026-10-02","product-form/create","web/app/locale","",""
"","10","renders the empty state when total count is zero","OrderStatusBreakdown","2026-10-02","passed","2026-10-02","order-status-breakdown","web/app/locale","",""
"","7","renders the correct line total for a cart item","CheckoutOrderSummary","2026-10-02","passed","2026-10-02","checkout-order-summary","web/app/locale","",""
"","7","ignores `?` while focus is inside a TEXTAREA","HelpButton — `?` keyboard shortcut","2026-10-02","passed","2026-10-02","help-button","web/components/admin","",""
"","1","accepts diameters slightly outside the table range (within tolerance)","findUsSizeByDiameter()","2026-10-02","passed","2026-10-02","ring-sizes","web/lib/__tests__","",""
"","4","refuses an illegal state-machine transition (e.g. PAID → DELIVERED)","","2026-10-02","passed","2026-10-02","handleWebhook","ShippingService","",""
"","4","trackViewItem sends view_item event with product data","gtag analytics helpers","2026-10-02","passed","2026-10-02","gtag","web/lib/analytics","",""
"","2","maps /admin/customers/:id to customers/profile","getHelpSlugForPath — customers, categories, discounts, settings","2026-10-02","passed","2026-10-02","path-to-help-slug","web/lib/admin-help","",""
"","3","returns new token pair when refresh token is valid","","2026-10-02","passed","2026-10-02","refreshTokens","AuthService","",""
"","607","navigates back to /en when English is selected from RU","Desktop Chrome","2026-10-02","passed","2026-10-02","Language switching","language.spec.ts","",""
"","1","stores all user profile fields correctly","setUser()","2026-10-02","passed","2026-10-02","user.store","web/store/__tests__","",""
"","6","does not set aria-current on non-current steps","CheckoutSteps","2026-10-02","passed","2026-10-02","checkout-steps","web/app/locale","",""
"","81","goes back to address form when back is clicked on shipping method step","CheckoutEntry — multi-step flow","2026-10-02","passed","2026-10-02","checkout-entry","web/app/locale","",""
"","629","fetches results after debounce and renders product cards","SearchResults","2026-10-02","passed","2026-10-02","search-results","web/app/locale","",""
"","10","accepts a guest with a valid order-access token","","2026-10-02","passed","2026-10-02","acceptTerms()","OrdersService","",""
"","166","opens confirmation dialog without calling delete","DiscountsTable","2026-10-02","passed","2026-10-02","discounts-table","web/app/locale","",""
"","8","updateAdminReviewStatus PATCHes with the status body","reviews API — admin","2026-10-02","passed","2026-10-02","reviews","web/lib/api","",""
"","5","returns fallback when the API payload reports an error","","2026-10-02","passed","2026-10-02","getExchangeRates — fallback path","CurrencyService","",""
"","14","returns 429 after the endpoint-specific @Throttle limit is exceeded","","2026-10-02","passed","2026-10-02","","ThrottlerGuard wiring","",""
"","1","all required directives present","buildContentSecurityPolicy — with nonce","2026-10-02","passed","2026-10-02","security-headers","web/lib","",""
"","3","renders the → symbol as disabled when href is null","PaginationArrowButton — disabled (href is null)","2026-10-02","passed","2026-10-02","pagination-arrow-button","web/app/locale","",""
"","0","shows product status badge for each row","Desktop Chrome","2026-10-02","skipped","2026-10-02","Admin flow — products list","admin-flow.spec.ts","",""
"","516","/en responds with correct <html lang=""en"">","Desktop Chrome","2026-10-02","passed","2026-10-02","Pre-launch smoke — locale routes","pre-launch-smoke.spec.ts","",""
"","233","logs and exits without sending when product is unknown","","2026-10-02","passed","2026-10-02","","BackInStockService","",""
"","3","fetchProductReviews honours custom page and limit","reviews API — public","2026-10-02","passed","2026-10-02","reviews","web/lib/api","",""
"","62","shows the no-query hint when input is empty","SearchResults","2026-10-02","passed","2026-10-02","search-results","web/app/locale","",""
"","3","returns an empty string for null and undefined","","2026-10-02","passed","2026-10-02","","escapeCsvCell","",""
"","9","rejects a forged token without touching the database","","2026-10-02","passed","2026-10-02","unsubscribe","NewsletterService","",""
"","7","has role=""dialog"" on the banner container","CookieBanner — accessibility","2026-10-02","passed","2026-10-02","cookie-banner","web/components/shared","",""
"","285","opens the dropdown and shows all 3 locale options","LanguageSwitcher","2026-10-02","passed","2026-10-02","language-switcher","web/components/shared","",""
"","28","renders the last updated date","TermsPage — metadata","2026-10-02","passed","2026-10-02","terms-page","web/app/locale","",""
"","8","throws ConflictException on duplicate review (P2002)","","2026-10-02","passed","2026-10-02","createReview","ReviewsService","",""
"","1","savePreferences({marketing: true}) is a no-op once opted out","useCookieConsentStore: CCPA/CPRA Do Not Sell","2026-10-02","passed","2026-10-02","cookie-consent.store","web/store/__tests__","",""
"","1","adds category filter pages for each locale","sitemap","2026-10-02","passed","2026-10-02","sitemap","web/app/__tests__","",""
"","1","returns null when token is malformed","decodeAuthUser","2026-10-02","passed","2026-10-02","posthog","web/lib/analytics","",""
"","3","saves both enabled correctly","useCookieConsentStore: savePreferences","2026-10-02","passed","2026-10-02","cookie-consent.store","web/store/__tests__","",""
"","1","sets correct @context and @type for Organization","generateOrganizationJsonLd","2026-10-02","passed","2026-10-02","json-ld","web/lib/seo","",""
"","4","throws ForbiddenException when a signed-in caller is not owner or admin","","2026-10-02","passed","2026-10-02","findOneByIdForCaller()","OrdersService","",""
"","5","does NOT trigger back-in-stock when stock goes to 0","","2026-10-02","passed","2026-10-02","update","ProductsService","",""
"","259","submits the trimmed comment + rating with bearer token, then calls onSuccess","ReviewForm","2026-10-02","passed","2026-10-02","review-form","web/components/features","",""
"","1","maps /admin/customers to customers/overview","getHelpSlugForPath — customers, categories, discounts, settings","2026-10-02","passed","2026-10-02","path-to-help-slug","web/lib/admin-help","",""
"","1","returns null for invalid input (NaN, Infinity)","calculateInstallmentPreview()","2026-10-02","passed","2026-10-02","installment-preview","web/lib/__tests__","",""
"","1","trackCheckoutStarted sends cart_item_count and cart_total_usd","PostHog event helpers","2026-10-02","passed","2026-10-02","posthog","web/lib/analytics","",""
"","9","returns first page with default pagination when options are empty","","2026-10-02","passed","2026-10-02","","paginate()","",""
"","3","does not mutate the original user object","","2026-10-02","passed","2026-10-02","me","AuthController","",""
"","107","renders the nav with accessible label","CheckoutSteps","2026-10-02","passed","2026-10-02","checkout-steps","web/app/locale","",""
"","0","whitelists https://www.google-analytics.com (analytics/payment/error ingest)","buildContentSecurityPolicy — with nonce","2026-10-02","passed","2026-10-02","security-headers","web/lib","",""
"","4","propagates the underlying ApiError so callers can log it","fetchAllProducts — pagination helper for sitemap/feed","2026-10-02","passed","2026-10-02","products","web/lib/api","",""
"","6","updates payment to REFUNDED and order to REFUNDED with refund amount","","2026-10-02","passed","2026-10-02","handleChargeRefunded","StripeWebhooksService","",""
"","15","flags MADE_TO_ORDER and ONE_OF_A_KIND as NOT low-stock regardless of stock value","","2026-10-02","passed","2026-10-02","findInventory()","ProductsService","",""
"","10","filters by material case-insensitively","","2026-10-02","passed","2026-10-02","findAll","ProductsService","",""
"","65","includes queryParams in the cache key so different filters fetch independently","useAdminListQuery()","2026-10-02","passed","2026-10-02","","","",""
"","10","joins line items in a single cell as ""Title × qty | Title × qty""","","2026-10-02","passed","2026-10-02","exportToCsv()","OrdersService","",""
"","12","updates status when the transition is valid","","2026-10-02","passed","2026-10-02","updateStatus()","OrdersService","",""
"","12","returns the LATEST date of the delivery window (under-promise, over-deliver)","formatLatestDeliveryDate()","2026-10-02","passed","2026-10-02","format-eta","web/app/locale","",""
"","20","renders nothing without analytics consent","MicrosoftClarity","2026-10-02","passed","2026-10-02","microsoft-clarity","web/components/analytics","",""
"","7","returns empty array for whitespace-only query","","2026-10-02","passed","2026-10-02","searchProducts()","ProductsService","",""
"","22","filters by minPrice only when maxPrice is omitted","","2026-10-02","passed","2026-10-02","findAll","ProductsService","",""
"","1","ignores the explicit quantity argument and always stores 1 (handmade business rule)","addItem()","2026-10-02","passed","2026-10-02","cart.store","web/store/__tests__","",""
"","8","averages deliveredAt − createdAt across DELIVERED orders, in days","","2026-10-02","passed","2026-10-02","getKeyMetrics","AdminRevenueService","",""
"","167","renders the submit button","ContactForm — rendering","2026-10-02","passed","2026-10-02","contact-form","web/app/locale","",""
"","40","renders the materials section","AboutPage — structure","2026-10-02","passed","2026-10-02","about-page","web/app/locale","",""
"","323","list() scopes to the current user","","2026-10-02","passed","2026-10-02","","AddressesController","",""
"","1","ImageResponse is constructed with the correct size options","twitter-image","2026-10-02","passed","2026-10-02","twitter-image","web/app/__tests__","",""
"","5","updates stock when product exists","","2026-10-02","passed","2026-10-02","updateStock()","ProductsService","",""
"","118","produces different hashes for different inputs","","2026-10-02","passed","2026-10-02","","hashPasswordForSeed","",""
"","69","renders both shipping options","CheckoutShippingMethodForm","2026-10-02","passed","2026-10-02","checkout-shipping-method-form","web/app/locale","",""
"","3","opts out and resets when consent is revoked after SDK was loaded","PostHogAnalytics","2026-10-02","passed","2026-10-02","posthog","web/components/analytics","",""
"HTTP-level integration test for the Reviews module.

Bootstraps a real Nest application with the same global pipes as production
(ValidationPipe with whitelist/transform), then exercises the REST endpoints
via supertest. This covers the entire flow that broke in browser:
- Content-Type parsing
- DTO validation (rating bounds, types, optional fields)
- JWT guard
- Verified-purchase guard
- Successful creation with empty/missing comment (stars only)

Prisma is fully mocked — no database required.","8","returns 400 when rating is 100","","2026-10-02","passed","2026-10-02","","Reviews HTTP integration","",""
"","1","includes /privacy entry for each locale","sitemap","2026-10-02","passed","2026-10-02","sitemap","web/app/__tests__","",""
"","37","renders the ← symbol for the previous button","PaginationArrowButton — active (href provided)","2026-10-02","passed","2026-10-02","pagination-arrow-button","web/app/locale","",""
"","10","states that lost-in-transit packages are resolved by the seller, not abandoned to the carrier","TermsPage — EU consumer protection carve-outs","2026-10-02","passed","2026-10-02","terms-page","web/app/locale","",""
"","73","does NOT call confirmPayment if terms recording fails","CheckoutStripeForm","2026-10-02","passed","2026-10-02","checkout-stripe-form","web/app/locale/checkout","",""
"","4","returns empty array for empty query (no DB call)","","2026-10-02","passed","2026-10-02","searchProducts()","ProductsService","",""
"","1","es.json admin.productsColStock is ""Existencias"", not ""Stock""","i18n untranslated regression guards (#283)","2026-10-02","passed","2026-10-02","parity","web/i18n","",""
"","542","/en returns 200 with no console errors","Desktop Chrome","2026-10-02","failed","2026-10-02","Pre-launch smoke — every public page","pre-launch-smoke.spec.ts","",""
"","90","renders email and password inputs","LoginForm — rendering","2026-10-02","passed","2026-10-02","login-form","web/app/locale","",""
"","198","shows the success state when the server confirms the unsubscribe","NewsletterUnsubscribeClient","2026-10-02","passed","2026-10-02","newsletter-unsubscribe","web/app/locale","",""
"","2","does not throw when fbq is undefined","fbq analytics helpers","2026-10-02","passed","2026-10-02","fbq","web/lib/analytics","",""
"","23","checks the matching category radio when selectedCategory is set","CategoryFilter — selected state","2026-10-02","passed","2026-10-02","category-filter","web/app/locale","",""
"","1107","calls createAdminProduct with correct payload on valid submit","ProductForm (create) — submission","2026-10-02","passed","2026-10-02","product-form/create","web/app/locale","",""
"","1","uses today as default fromDate when not provided","calculateEstimatedDelivery","2026-10-02","passed","2026-10-02","calculate-estimated-delivery","web/app/locale","",""
"","1","trackPinAddToCart sends addtocart with cart total and line items","pintrk analytics helpers","2026-10-02","passed","2026-10-02","pintrk","web/lib/analytics","",""
"","1","does not mutate the input date","calculateEstimatedDelivery","2026-10-02","passed","2026-10-02","calculate-estimated-delivery","web/app/locale","",""
"","5","sums quantities across multiple cart items in the badge","CartIconButton — items in cart","2026-10-02","passed","2026-10-02","cart-icon-button","web/components/shared","",""
"","3","skips guest orders (userId=null)","","2026-10-02","passed","2026-10-02","awardForDelivered","LoyaltyService","",""
"","4","creates and returns new category","","2026-10-02","passed","2026-10-02","create","AdminCategoriesController","",""
"","6","appends .csv to the filename when missing","downloadCsv","2026-10-02","passed","2026-10-02","csv-download","web/lib/api","",""
"","12","transitions a SHIPPED order to DELIVERED and writes status history","","2026-10-02","passed","2026-10-02","handleWebhook","ShippingService","",""
"","103","renders shipping address fields","AdminOrderDetail — rendering","2026-10-02","passed","2026-10-02","admin-order-detail","web/app/locale","",""
"","3","does not throw when pintrk is undefined","pintrk analytics helpers","2026-10-02","passed","2026-10-02","pintrk","web/lib/analytics","",""
"","1","does NOT contain wildcard scheme "" http:""","buildContentSecurityPolicy — with nonce","2026-10-02","passed","2026-10-02","security-headers","web/lib","",""
"","56","calls createOrder with payload built from cart items, address values and shipping cost","useSubmitCheckoutOrder()","2026-10-02","passed","2026-10-02","use-submit-checkout-order","web/app/locale","",""
"","108","shows a checkmark next to the active currency in the dropdown","CurrencySwitcher","2026-10-02","passed","2026-10-02","currency-switcher","web/components/shared","",""
"","178","renders error heading and message","GlobalError","2026-10-02","passed","2026-10-02","global-error","web/app/__tests__","",""
"","0","returns null for trailing-slash variants (paths are normalised by Next.js)","getHelpSlugForPath — unknown paths","2026-10-02","passed","2026-10-02","path-to-help-slug","web/lib/admin-help","",""
"","8","merge() passes (userId, productIds) extracted from the DTO","","2026-10-02","passed","2026-10-02","","WishlistController","",""
"","3","rejects an order with the same productId in two line items","","2026-10-02","passed","2026-10-02","","CreateOrderDto unique productIds validation","",""
"","2","omits productImageUrl when product has no images","","2026-10-02","passed","2026-10-02","","BackInStockService","",""
"","69","refetches when threshold changes","InventoryTable","2026-10-02","passed","2026-10-02","inventory-table","web/app/locale","",""
"","1","returns a single non-match segment when text is empty","highlightMatch()","2026-10-02","passed","2026-10-02","highlight-match","web/lib/search","",""
"HTTP integration test for the Wishlist module — exercises the full
NestJS request pipeline (JWT guard, ValidationPipe, controller, service)
with Prisma fully mocked. Mirrors the contract used by the frontend.","6","returns 400 on POST /wishlist/merge with non-array productIds","","2026-10-02","passed","2026-10-02","","Wishlist HTTP integration","",""
"","1","returns true when the module-level promise is non-null (key set)","isStripeConfigured","2026-10-02","passed","2026-10-02","","","",""
"","5","passes custom endpoint + forcePathStyle when AWS_S3_ENDPOINT is set (R2)","","2026-10-02","passed","2026-10-02","S3 provider configuration","UploadService","",""
"","4","strips passwordResetToken and passwordResetTokenAt even when populated","","2026-10-02","passed","2026-10-02","me","AuthController","",""
"","19","throws UnauthorizedException when emailVerifiedAt is null","","2026-10-02","passed","2026-10-02","login (email verification guard)","AuthService","",""
"","6","registers a paymentmethod event listener on the paymentRequest","usePaymentRequest","2026-10-02","passed","2026-10-02","use-payment-request","web/app/locale","",""
"","4","forbids SHIPPED → PAID (cannot revert after shipping)","","2026-10-02","passed","2026-10-02","forbidden transitions (backward movements)","isValidOrderStatusTransition","",""
"","23","does NOT touch the regular cart on click","BuyNowButton","2026-10-02","passed","2026-10-02","buy-now-button","web/components/features","",""
"","0","clearExpressItem resets to null","expressItem flow","2026-10-02","passed","2026-10-02","cart.store","web/store/__tests__","",""
"","6","continues sending to remaining recipients when one email fails","","2026-10-02","passed","2026-10-02","","BackInStockService","",""
"","1","preserves the original casing in the match segment","highlightMatch()","2026-10-02","passed","2026-10-02","highlight-match","web/lib/search","",""
"","5","propagates NotFoundException when order id does not exist","","2026-10-02","passed","2026-10-02","findOne","AdminOrdersController","",""
"","7","delegates to ProductsService.update with slug and DTO","","2026-10-02","passed","2026-10-02","update","ProductsController","",""
"","44","hides the insurance toggle for orders under $100","LabelPurchaseSection — insurance offer","2026-10-02","passed","2026-10-02","label-purchase-section","web/app/locale","",""
"","4","sends refund email but swallows email failure (refund must not be rolled back)","","2026-10-02","passed","2026-10-02","refundOrder()","OrdersRefundsService","",""
"","33","marks the active thumbnail with aria-current=""true""","ProductImageGallery","2026-10-02","passed","2026-10-02","product-image-gallery","web/app/locale","",""
"","1","rejects empty-string locale","resolveHelpDocPath — unsupported locale","2026-10-02","passed","2026-10-02","load-help-content","web/lib/admin-help","",""
"","289","creates a Stripe PaymentIntent and saves a Payment record for a PENDING order","","2026-10-02","passed","2026-10-02","createPaymentIntent","PaymentsService","",""
"","3","fetchAdminOrders builds a query string from defined params and skips undefined/empty","orders API — admin list & detail","2026-10-02","passed","2026-10-02","orders","web/lib/api","",""
"","3","omits addressLine2 from address block when absent (no empty line)","","2026-10-02","passed","2026-10-02","","buildOrderConfirmationEmail","",""
"","1","forwards Bearer and x-order-access-token headers when provided (#537 IDOR fix)","createPaymentIntent","2026-10-02","passed","2026-10-02","payments","web/lib/api","",""
"","2","upserts the wishlist and connects the product when it exists","","2026-10-02","passed","2026-10-02","addToWishlist","WishlistService","",""
"","2","logs at error level for 5xx responses","","2026-10-02","passed","2026-10-02","","RequestLoggerMiddleware","",""
"","149","renders Sign In as a link to /login","CheckoutEntry — gateway screen","2026-10-02","passed","2026-10-02","checkout-entry","web/app/locale","",""
"","16","formats same-month range as ""Apr 1–5""","formatDeliveryRange","2026-10-02","passed","2026-10-02","calculate-estimated-delivery","web/app/locale","",""
"","44","shows remove button for each uploaded image","ProductImageUpload — upload flow","2026-10-02","passed","2026-10-02","product-image-upload","web/app/locale","",""
"","8","draft action: updateMany sets status to DRAFT","","2026-10-02","passed","2026-10-02","bulkAction()","ProductsService","",""
"","5","updates name and auto-regenerates slug","","2026-10-02","passed","2026-10-02","update","CategoriesService","",""
"","240","saves the General section payload only when its Save button is clicked","SettingsForm","2026-10-02","passed","2026-10-02","settings-form","web/app/locale","",""
"","15","rejects with 400 when the honeypot field is filled (bot signature)","","2026-10-02","passed","2026-10-02","","ContactController","",""
"","208","forwards the active status filter to the export call","AdminOrdersTable — Export CSV","2026-10-02","passed","2026-10-02","admin-orders-table","web/app/locale","",""
"","2","rejects a password with no uppercase letter","","2026-10-02","passed","2026-10-02","","ResetPasswordDto password strength validation","",""
"","1","removes page param when navigating back to page 1 with active filters","buildPageUrl()","2026-10-02","passed","2026-10-02","build-page-url","web/lib/catalog","",""
"","2","falls back to Authorization header when cookie is absent (legacy client path)","","2026-10-02","passed","2026-10-02","","JwtRefreshStrategy.validate()","",""
"","9","marks the price approximate when API serves stale rates","DisplayPrice — fallback when rates unavailable","2026-10-02","passed","2026-10-02","display-price","web/components/shared","",""
"","320","calls authService.register and returns just the email (no session started)","","2026-10-02","passed","2026-10-02","register","AuthController","",""
"","1","trackRemoveFromCart sends remove_from_cart event","gtag analytics helpers","2026-10-02","passed","2026-10-02","gtag","web/lib/analytics","",""
"","2","applies a single reason filter","","2026-10-02","passed","2026-10-02","findAllRefunds()","OrdersRefundsService","",""
"","4","create() passes userId + DTO to the service","","2026-10-02","passed","2026-10-02","","AddressesController","",""
"","5","sends refund processed email to guest after charge is refunded","","2026-10-02","passed","2026-10-02","handleChargeRefunded","StripeWebhooksService","",""
"","3","fires FB Pixel ViewContent with content_ids + value","ProductViewTracker — dispatches to every consented channel","2026-10-02","passed","2026-10-02","product-view-tracker","web/app/locale","",""
"","29","shows ""Expired"" badge when expiresAt is in the past","DiscountsTable","2026-10-02","passed","2026-10-02","discounts-table","web/app/locale","",""
"","7","forbids CANCELLED → ON_HOLD (money already returned, hold is meaningless)","","2026-10-02","passed","2026-10-02","ON_HOLD dispute lifecycle","isValidOrderStatusTransition","",""
"","5","accepts the guest order-access token via X-Order-Access-Token header","","2026-10-02","passed","2026-10-02","findOne()","OrdersController","",""
"","13","shows em-dash when SKU is null","LineItemsTable","2026-10-02","passed","2026-10-02","pure-cards","web/admin/orders","",""
"","411","hamburger button is visible on mobile","Desktop Chrome","2026-10-02","passed","2026-10-02","Mobile navigation","navigation.spec.ts","",""
"","0","unauthenticated user visiting /admin is redirected to home","Desktop Chrome","2026-10-02","skipped","2026-10-02","Admin flow — authentication","admin-flow.spec.ts","",""
"","13","does not render the ""Try Again"" button when payment was cancelled","PaymentFailedContent — payment cancelled","2026-10-02","passed","2026-10-02","payment-failed-content","web/app/locale","",""
"","0","renders both products from the mocked page response","Desktop Chrome","2026-10-02","skipped","2026-10-02","Admin flow — products list","admin-flow.spec.ts","",""
"","22","renders the GDPR/CCPA rights list","PrivacyPage — structure","2026-10-02","passed","2026-10-02","privacy-page","web/app/locale","",""
"","28","renders the last updated date","PrivacyPage — structure","2026-10-02","passed","2026-10-02","privacy-page","web/app/locale","",""
"","81","changes password input type to ""text"" when show-password button is clicked","RegisterForm — password visibility toggle","2026-10-02","passed","2026-10-02","register-form","web/app/locale","",""
"","1","sets hasDecided to true","useCookieConsentStore: rejectAll","2026-10-02","passed","2026-10-02","cookie-consent.store","web/store/__tests__","",""
"","3","exports edge runtime","opengraph-image","2026-10-02","passed","2026-10-02","opengraph-image","web/app/__tests__","",""
"","5","captures non-ApiError with adminAction tag + admin context","captureAdminError","2026-10-02","passed","2026-10-02","capture-admin-error","web/lib/sentry","",""
"","8","falls back to onboarding@resend.dev when RESEND_FROM_ADDRESS is unset","","2026-10-02","passed","2026-10-02","FROM address","EmailService","",""
"","51","calls onCategoryChange with the category slug when a category radio is clicked","CategoryFilter — interactions","2026-10-02","passed","2026-10-02","category-filter","web/app/locale","",""
"","1","has strictly increasing diameter — guarantees the lookup is monotonic","RING_SIZES table integrity","2026-10-02","passed","2026-10-02","ring-sizes","web/lib/__tests__","",""
"","82","shows the language accordion trigger with current locale","MobileNav","2026-10-02","passed","2026-10-02","mobile-nav","web/components/shared","",""
"","9","renders inline code with the <code> element","MarkdownRenderer","2026-10-02","passed","2026-10-02","markdown-renderer","web/components/admin","",""
"","1","interpolates a dynamic slug into all alternates","buildLocaleAlternates","2026-10-02","passed","2026-10-02","alternates","web/lib/seo","",""
"","74","renders the error message on HTTP 500","HelpDrawer — error states","2026-10-02","passed","2026-10-02","help-drawer","web/components/admin","",""
"","1","falls back to en/ when the locale file is missing","loadHelpContent — fallback to en","2026-10-02","passed","2026-10-02","load-help-content","web/lib/admin-help","",""
"","25","fetchAdminCategories GETs /api/admin/categories with bearer auth","categories API","2026-10-02","passed","2026-10-02","categories","web/lib/api","",""
"","0","whitelists https://*.clarity.ms (analytics/payment/error ingest)","buildContentSecurityPolicy — with nonce","2026-10-02","passed","2026-10-02","security-headers","web/lib","",""
"","14","falls back to exception.message when the response body is a plain string","","2026-10-02","passed","2026-10-02","","HttpExceptionFilter.catch()","",""
"","52","does not call fetch while closed","HelpDrawer — lazy fetch","2026-10-02","passed","2026-10-02","help-drawer","web/components/admin","",""
"","177","renders email input and submit button","ForgotPasswordForm — rendering","2026-10-02","passed","2026-10-02","forgot-password-form","web/app/locale","",""
"","4","returns the order when the caller owns it","","2026-10-02","passed","2026-10-02","findOneByIdForCaller()","OrdersService","",""
"","41","renders a ""Try Again"" link pointing to /checkout","PaymentFailedContent — payment failed","2026-10-02","passed","2026-10-02","payment-failed-content","web/app/locale","",""
"","5","throws NotFoundException when category does not exist","","2026-10-02","passed","2026-10-02","update","CategoriesService","",""
"","1","order summary sidebar is visible during checkout","Desktop Chrome","2026-10-02","skipped","2026-10-02","Add to cart → Checkout flow","checkout-flow.spec.ts","",""
"","3","throws NotFoundException when address does not exist","","2026-10-02","passed","2026-10-02","update","AddressesService","",""
"","7","returns 200 unsubscribed and calls Klaviyo when a valid token flips a CONFIRMED row","","2026-10-02","passed","2026-10-02","POST /api/newsletter/unsubscribe","Newsletter HTTP integration (double opt-in)","",""
"","24","never throttles a @SkipThrottle endpoint no matter how many requests come in","","2026-10-02","passed","2026-10-02","","ThrottlerGuard wiring","",""
"","0","placeholder-product.jpg asset is committed","shared navigation — internal links","2026-10-02","passed","2026-10-02","","","",""
"","62","renders the empty state when the queue is empty","ProductionTable","2026-10-02","passed","2026-10-02","production-table","web/app/locale","",""
"","99","shows free shipping threshold progress bar","CartSummary — empty cart","2026-10-02","passed","2026-10-02","cart-summary","web/app/locale","",""
"","96","does not show the Approve button for an already-Approved review","AdminReviewsTable — moderation actions","2026-10-02","passed","2026-10-02","admin-reviews-table","web/app/locale","",""
"","2","rejects a country code shorter than 2 characters","checkoutAddressSchema","2026-10-02","passed","2026-10-02","checkout-address-schema","web/app/locale","",""
"","1","fetchAdminProductionQueue GETs /production with auth","orders API — refunds & production","2026-10-02","passed","2026-10-02","orders","web/lib/api","",""
"","0","skips undefined / null / empty string values but keeps 0 and false","toQueryString()","2026-10-02","passed","2026-10-02","query-string","web/lib/api","",""
"","13","shows the error digest when present","GlobalError","2026-10-02","passed","2026-10-02","global-error","web/app/__tests__","",""
"","5","deleteAddress DELETEs /:id and resolves on 204","addresses API","2026-10-02","passed","2026-10-02","addresses","web/lib/api","",""
"","298","calls Resend with correct recipient and subject","","2026-10-02","passed","2026-10-02","sendOrderConfirmation()","EmailService","",""
"","1","does not add duplicates (idempotent)","wishlist.store","2026-10-02","passed","2026-10-02","wishlist.store","web/store/__tests__","",""
"","5","returns category by id","","2026-10-02","passed","2026-10-02","findOne","CategoriesService","",""
"","59","clears field error as user types in the field","ContactForm — client-side validation","2026-10-02","passed","2026-10-02","contact-form","web/app/locale","",""
"","2","accepts stock = 0 with productionDays = 7","","2026-10-02","passed","2026-10-02","","CreateProductDto productionDays cross-field validation","",""
"","541","/en/privacy returns 200 with no console errors","Desktop Chrome","2026-10-02","failed","2026-10-02","Pre-launch smoke — every public page","pre-launch-smoke.spec.ts","",""
"","3","deletes category when it has no products","","2026-10-02","passed","2026-10-02","remove","CategoriesService","",""
"","13","renders the ""Back to Cart"" link when payment was cancelled","PaymentFailedContent — payment cancelled","2026-10-02","passed","2026-10-02","payment-failed-content","web/app/locale","",""
"","29","returns 429 after the per-minute limit of 3 is exceeded","","2026-10-02","passed","2026-10-02","","DiscountsController — public validate rate limit","",""
"","4","returns 0 when the user does not exist (defensive)","","2026-10-02","passed","2026-10-02","getBalance","LoyaltyService","",""
"","14","forbids PENDING → REFUNDED (no payment was made to refund)","","2026-10-02","passed","2026-10-02","forbidden transitions (status skips)","isValidOrderStatusTransition","",""
"","66","analytics toggle starts unchecked when preferences are false","CookieBanner — customise panel","2026-10-02","passed","2026-10-02","cookie-banner","web/components/shared","",""
"","363","hides the form after successful submission","ContactForm — successful submission","2026-10-02","passed","2026-10-02","contact-form","web/app/locale","",""
"","2","returns 0 for non-finite values (NaN / Infinity)","","2026-10-02","passed","2026-10-02","calculatePointsEarnedFromSubtotal","loyalty math helpers","",""
"","65","exposes submitError when createOrder rejects","useSubmitCheckoutOrder()","2026-10-02","passed","2026-10-02","use-submit-checkout-order","web/app/locale","",""
"","5","doNotSellOptOut sets hasDecided=true, both preferences=false, doNotSellOptedOut=true","useCookieConsentStore: CCPA/CPRA Do Not Sell","2026-10-02","passed","2026-10-02","cookie-consent.store","web/store/__tests__","",""
"","17","displays the line item total (price × quantity)","CartItemRow — rendering","2026-10-02","passed","2026-10-02","cart-item-row","web/app/locale","",""
"","156","disables Save until both trackingNumber and carrier are provided","TrackingSection","2026-10-02","passed","2026-10-02","tracking-section","web/admin/orders","",""
"","8","allows DELIVERED → PARTIALLY_REFUNDED when partial return is approved","","2026-10-02","passed","2026-10-02","allowed transitions (happy path)","isValidOrderStatusTransition","",""
"","255","returns all categories with product count","","2026-10-02","passed","2026-10-02","findAll","AdminCategoriesController","",""
"","217","renders the submit button with ""Sign In"" label","LoginForm — rendering","2026-10-02","passed","2026-10-02","login-form","web/app/locale","",""
"","546","returns an empty array when there are no orders in the period","","2026-10-02","passed","2026-10-02","getTopProducts","AdminProductsAnalyticsService","",""
"","4","records an OrderStatusHistory entry with the from/to status and Stripe charge note","","2026-10-02","passed","2026-10-02","handleChargeRefunded","StripeWebhooksService","",""
"","9","delegates delete to service","","2026-10-02","passed","2026-10-02","remove","AdminCategoriesController","",""
"","1","exports Twitter-optimised dimensions — 1200×628","twitter-image","2026-10-02","passed","2026-10-02","twitter-image","web/app/__tests__","",""
"","0","script-src still whitelists https://js.stripe.com (third-party SDK host)","buildContentSecurityPolicy — with nonce","2026-10-02","passed","2026-10-02","security-headers","web/lib","",""
"","39","shows no-results message + Browse-all link when no products match","SearchResults","2026-10-02","passed","2026-10-02","search-results","web/app/locale","",""
"","19","renders the empty state after a successful fetch with zero reviews","ReviewsSection","2026-10-02","passed","2026-10-02","reviews-section","web/components/features","",""
"","1","stores the provided shippingCost in the payload","buildOrderPayload()","2026-10-02","passed","2026-10-02","build-order-payload","web/app/locale","",""
"","299","findInventory() forwards InventoryQueryDto to ProductsService.findInventory","","2026-10-02","passed","2026-10-02","","AdminInventoryController","",""
"","5","shows the current maxPrice value in the max input","PriceFilter — rendering","2026-10-02","passed","2026-10-02","price-filter","web/app/locale","",""
"","2","maps MADE_TO_ORDER to preorder availability","Google Shopping Feed","2026-10-02","passed","2026-10-02","google-shopping","web/app/feed","",""
"","8","renders converted GBP","DisplayPrice — CAD/GBP (conversion + approximation hint)","2026-10-02","passed","2026-10-02","display-price","web/components/shared","",""
"","20","shows error state when API fails","OrderHistoryList","2026-10-02","passed","2026-10-02","order-history-list","web/app/locale","",""
"","1","maps /admin/settings to settings/general","getHelpSlugForPath — customers, categories, discounts, settings","2026-10-02","passed","2026-10-02","path-to-help-slug","web/lib/admin-help","",""
"","328","accepts a valid code with 200","","2026-10-02","passed","2026-10-02","","DiscountsController — public validate rate limit","",""
"","18","throws UnauthorizedException when current password is incorrect","","2026-10-02","passed","2026-10-02","changePassword","AuthService","",""
"","155","clearTokens + best-effort logoutUser + router.push on Sign out click","AccountIconButton — authenticated","2026-10-02","passed","2026-10-02","account-icon-button","web/components/shared","",""
"","5","throws ForbiddenException when user has 5 addresses already","","2026-10-02","passed","2026-10-02","create","AddressesService","",""
"","26","subscribeToNewsletter POSTs email + consent + sourceUrl and returns pending-confirmation","newsletter API","2026-10-02","passed","2026-10-02","newsletter","web/lib/api","",""
"","0","converts small pendant: 3 cm → nearest 0.25""","convertLength — imperial system","2026-10-02","passed","2026-10-02","measurementConverter","web/lib/__tests__","",""
"","34","calls rejectAll on the store when ""Reject optional"" is clicked","CookieBanner — default view actions","2026-10-02","passed","2026-10-02","cookie-banner","web/components/shared","",""
"","10","calls authService.login and sets refresh cookie","","2026-10-02","passed","2026-10-02","login","AuthController","",""
"","1","empties the cart","clearCart()","2026-10-02","passed","2026-10-02","cart.store","web/store/__tests__","",""
"","13","renders email as read-only","ProfileForm","2026-10-02","passed","2026-10-02","profile-form","web/app/locale","",""
"","32","renders nothing when order is PENDING (not yet payable for label)","LabelPurchaseSection — render gating","2026-10-02","passed","2026-10-02","label-purchase-section","web/app/locale","",""
"","195","writes the from-date filter to the URL when changed","AdminRefundsTable — filters","2026-10-02","passed","2026-10-02","admin-refunds-table","web/app/locale","",""
"","4","passes through the stale=true flag when server is serving fallback","exchange-rates API","2026-10-02","passed","2026-10-02","exchange-rates","web/lib/api","",""
"","81","clearing filters calls router.replace with the bare pathname","AdminRefundsTable — filters","2026-10-02","passed","2026-10-02","admin-refunds-table","web/app/locale","",""
"","109","renders submit and cancel buttons","ProductForm (create) — rendering","2026-10-02","passed","2026-10-02","product-form/create","web/app/locale","",""
"","195","renders the submit button with ""Create Account"" label","RegisterForm — rendering","2026-10-02","passed","2026-10-02","register-form","web/app/locale","",""
"","6","createAdminProduct POSTs the payload to /api/products","products API — admin mutations","2026-10-02","passed","2026-10-02","products-admin","web/lib/api","",""
"","1","returns an empty items array when cart is empty","buildOrderPayload()","2026-10-02","passed","2026-10-02","build-order-payload","web/app/locale","",""
"","165","shows existing tracking number + carrier when order already has them","TrackingSection","2026-10-02","passed","2026-10-02","tracking-section","web/admin/orders","",""
"","8","returns 400 when consent is missing","","2026-10-02","passed","2026-10-02","POST /api/newsletter/subscribe","Newsletter HTTP integration (double opt-in)","",""
"","2","derives isAuthenticated and ADMIN role from persisted accessToken","useAuthStore","2026-10-02","passed","2026-10-02","auth.store","web/store/__tests__","",""
"","3","sends Content-Type: application/json header by default","apiClient()","2026-10-02","passed","2026-10-02","client","web/lib/api","",""
"","5","createCategory POSTs name + optional slug","categories API","2026-10-02","passed","2026-10-02","categories","web/lib/api","",""
"","7","returns an empty where when no filters are provided","","2026-10-02","passed","2026-10-02","findAllForAdmin","ReviewsService","",""
"","17","aria-label says ""Light mode"" in dark mode (matches header.switchToLight translation)","ThemeToggle — dark mode","2026-10-02","passed","2026-10-02","theme-toggle","web/components/shared","",""
"","206","renders the newsletter section with the embedded NewsletterForm","Footer","2026-10-02","passed","2026-10-02","footer","web/components/shared","",""
"","7","displays the email confirmation note","ConfirmationSuccessHeader","2026-10-02","passed","2026-10-02","confirmation-success-header","web/app/locale","",""
"","13","applies a valid discount code — persists snapshot and subtracts from total","","2026-10-02","passed","2026-10-02","create()","OrdersService","",""
"","1","calculates total correctly when shipping is free (0)","buildOrderPayload()","2026-10-02","passed","2026-10-02","build-order-payload","web/app/locale","",""
"","1","preserves existing filter params alongside the page number","buildPageUrl()","2026-10-02","passed","2026-10-02","build-page-url","web/lib/catalog","",""
"","95","clears tokens on 401 — token expired path","ReviewForm","2026-10-02","passed","2026-10-02","review-form","web/components/features","",""
"","71","sets canMakePayment to true when browser supports native pay","usePaymentRequest","2026-10-02","passed","2026-10-02","use-payment-request","web/app/locale","",""
"","73","renders the empty state when no products match the filters","InventoryTable","2026-10-02","passed","2026-10-02","inventory-table","web/app/locale","",""
"","8","calls event.complete(""fail"") and sets error when confirmCardPayment fails","usePaymentRequest","2026-10-02","passed","2026-10-02","use-payment-request","web/app/locale","",""
"","41","renders back link to orders list","AdminOrderDetail — rendering","2026-10-02","passed","2026-10-02","admin-order-detail","web/app/locale","",""
"","27","shows ""Disabled"" badge when isActive=false","DiscountsTable","2026-10-02","passed","2026-10-02","discounts-table","web/app/locale","",""
"","30","renders customer row with email, joined date, orders count, lifetime value","CustomersTable","2026-10-02","passed","2026-10-02","customers-table","web/app/locale","",""
"","1","stores all product snapshot fields in the cart item","addItem()","2026-10-02","passed","2026-10-02","cart.store","web/store/__tests__","",""
"","10","returns uploadUrl and publicUrl for valid webp request","","2026-10-02","passed","2026-10-02","generatePresignedUrl","UploadController","",""
"","10","downloadAdminOrdersCsv triggers the download path with the correct query","orders API — refunds & production","2026-10-02","passed","2026-10-02","orders","web/lib/api","",""
"","4","rejects an order that is not yet PAID/PROCESSING","","2026-10-02","passed","2026-10-02","purchaseLabel","ShippingService","",""
"","2","builds sortValue as sortBy_sortOrder string","useCatalogFilters — derived state from URL params","2026-10-02","passed","2026-10-02","use-catalog-filters","web/app/locale","",""
"","2","accepts any signature in dry-run mode","","2026-10-02","passed","2026-10-02","verifyWebhookSignature","EasypostMockClient","",""
"","3","returns 0 for an empty cart","findLongestProductionDays()","2026-10-02","passed","2026-10-02","format-eta","web/app/locale","",""
"","7","renders a viewport-height placeholder (not empty) when user is not authenticated","AdminAuthGuard","2026-10-02","passed","2026-10-02","admin-auth-guard","web/app/locale","",""
"","296","passes null userId when the caller is anonymous","","2026-10-02","passed","2026-10-02","create()","OrdersController","",""
"","206","renders the title as a link to /products/:slug","ProductCard","2026-10-02","passed","2026-10-02","product-card","web/components/features","",""
"","1","handles conditional class with ternary","cn()","2026-10-02","passed","2026-10-02","utils","web/lib/__tests__","",""
"","3","remove() delegates to DiscountsService.remove","","2026-10-02","passed","2026-10-02","","AdminDiscountsController","",""
"","26","renders a transaction with a positive sign for EARNED","LoyaltyOverview","2026-10-02","passed","2026-10-02","loyalty-overview","web/app/locale","",""
"","0","returns null for an unmapped admin subpath","getHelpSlugForPath — unknown paths","2026-10-02","passed","2026-10-02","path-to-help-slug","web/lib/admin-help","",""
"","1","about page uses locale-aware Link import (not next/link directly)","shared navigation — internal links","2026-10-02","passed","2026-10-02","","","",""
"","29","joins escaped cells with commas","","2026-10-02","passed","2026-10-02","","buildCsvRow","",""
"","1","produces multiple match segments when query appears more than once","highlightMatch()","2026-10-02","passed","2026-10-02","highlight-match","web/lib/search","",""
"","7","returns existing clientSecret when a Payment record already exists","","2026-10-02","passed","2026-10-02","createPaymentIntent","PaymentsService","",""
"","1","includes sku when provided","generateProductJsonLd","2026-10-02","passed","2026-10-02","json-ld","web/lib/seo","",""
"","26","returns parsed JSON on a successful response","apiClient()","2026-10-02","passed","2026-10-02","client","web/lib/api","",""
"","5","validates min/max against the existing row when only one side is in the patch","","2026-10-02","passed","2026-10-02","updateSettings()","SiteSettingsService","",""
"","8","propagates StripeSignatureVerificationError when the signature is invalid","","2026-10-02","passed","2026-10-02","constructWebhookEvent","StripeService","",""
"","41","calls onSortChange with ""avgRating_desc"" when Top rated is selected","SortFilter — interactions","2026-10-02","passed","2026-10-02","sort-filter","web/app/locale","",""
"","7","returns true after a user is set","useIsAuthenticated()","2026-10-02","passed","2026-10-02","user.store","web/store/__tests__","",""
"","82","passes selectedShippingOption to payment step","CheckoutEntry — multi-step flow","2026-10-02","passed","2026-10-02","checkout-entry","web/app/locale","",""
"","5","updateAdminSiteSettings PATCHes the payload","site-settings API","2026-10-02","passed","2026-10-02","site-settings","web/lib/api","",""
"","5","only resolves ON_HOLD into REFUNDED / PARTIALLY_REFUNDED / CANCELLED","","2026-10-02","passed","2026-10-02","ON_HOLD dispute lifecycle","isValidOrderStatusTransition","",""
"","2","dispatches charge.dispute.created","","2026-10-02","passed","2026-10-02","","StripeWebhooksController","",""
"","3","handles multiple active filters correctly on page 2","buildPageUrl()","2026-10-02","passed","2026-10-02","build-page-url","web/lib/catalog","",""
"","7","calculates correct skip offset for pagination","","2026-10-02","passed","2026-10-02","findAll","ProductsService","",""
"","7","renders step labels from translations","CheckoutSteps","2026-10-02","passed","2026-10-02","checkout-steps","web/app/locale","",""
"","10","ranks products by revenue desc and respects the limit","","2026-10-02","passed","2026-10-02","getTopProducts","AdminProductsAnalyticsService","",""
"","3","clear empties the store","wishlist.store","2026-10-02","passed","2026-10-02","wishlist.store","web/store/__tests__","",""
"","176","returns 200 status for all three locales","Desktop Chrome","2026-10-02","passed","2026-10-02","Homepage","homepage.spec.ts","",""
"","195","shows the success state when the API confirms the token","NewsletterConfirmClient","2026-10-02","passed","2026-10-02","newsletter-confirm","web/app/locale","",""
"","8","supplies a QueryClient so descendants can call useQuery without throwing","QueryProvider","2026-10-02","passed","2026-10-02","query-provider","web/components/shared","",""
"","6","clears a field when an empty string is passed (GDPR Art. 16 erasure of value)","","2026-10-02","passed","2026-10-02","updateProfile","UsersService","",""
"","4","add() passes (userId, productId) to addToWishlist","","2026-10-02","passed","2026-10-02","","WishlistController","",""
"","3","bulkUpdateAdminProducts PATCHes /bulk with ids + action","products API — admin mutations","2026-10-02","passed","2026-10-02","products-admin","web/lib/api","",""
"","6","createAddress POSTs the payload","addresses API","2026-10-02","passed","2026-10-02","addresses","web/lib/api","",""
"","700","returns paginated products list from service","","2026-10-02","passed","2026-10-02","findAll","AdminProductsController","",""
"","1","does NOT emit COOP / CORP (NODE_ENV=development)","getSecurityHeaders — non-production environments","2026-10-02","passed","2026-10-02","security-headers","web/lib","",""
"","75","invokes fetcher with queryParams and accessToken when token is present","useAdminListQuery()","2026-10-02","passed","2026-10-02","","","",""
"","5","includes optional shippingAddress fields when provided","buildOrderPayload()","2026-10-02","passed","2026-10-02","build-order-payload","web/app/locale","",""
"","2","throws ApiError when the server returns non-OK","downloadCsv","2026-10-02","passed","2026-10-02","csv-download","web/lib/api","",""
"","10","renders the handcrafting step description","ConfirmationNextSteps","2026-10-02","passed","2026-10-02","confirmation-next-steps","web/app/locale","",""
"","4","every purposeKey resolves in en/ru/es messages (no missing translations)","COOKIE_REGISTRY","2026-10-02","passed","2026-10-02","cookie-registry","web/lib/legal","",""
"","290","calls sendContactMessage with mapped fields from the DTO","","2026-10-02","passed","2026-10-02","","ContactService","",""
"","2","fires Pinterest checkout with orderId for conversion attribution","OrderPlacedTracker — dispatches conversion to every channel","2026-10-02","passed","2026-10-02","order-placed-tracker","web/app/locale","",""
"","10","stays active for ONE_OF_A_KIND pieces with stock=0 (re-craftable on demand)","AddToCartButton — handmade availability rules","2026-10-02","passed","2026-10-02","add-to-cart-button","web/components/features","",""
"","5","returns null when the result object is missing required fields","","2026-10-02","passed","2026-10-02","parseTrackerEvent","EasypostMockClient","",""
"","36","fetchProfile GETs /users/me with bearer auth","users API","2026-10-02","passed","2026-10-02","users","web/lib/api","",""
"","6","rejects a password with no lowercase letter","","2026-10-02","passed","2026-10-02","","RegisterDto password strength validation","",""
"","19","renders address card with default badge","AddressesManager","2026-10-02","passed","2026-10-02","addresses-manager","web/app/locale","",""
"","21","performs a full refund — sets REFUNDED status, calls Stripe, records history","","2026-10-02","passed","2026-10-02","refundOrder()","OrdersRefundsService","",""
"","16","renders the current year in the copyright line","Footer","2026-10-02","passed","2026-10-02","footer","web/components/shared","",""
"","284","returns addresses sorted by isDefault desc then createdAt desc","","2026-10-02","passed","2026-10-02","findUserAddresses","AddressesService","",""
"","4","passes status filter to service when provided","","2026-10-02","passed","2026-10-02","findAll","AdminProductsController","",""
"","37","POSTs filename + contentType with bearer auth and returns the URLs","upload — requestPresignedUrl","2026-10-02","passed","2026-10-02","upload","web/lib/api","",""
"","4","returns canonical and 4 alternates for a static page","buildLocaleAlternates","2026-10-02","passed","2026-10-02","alternates","web/lib/seo","",""
"","555","login form has email + password + submit","Desktop Chrome","2026-10-02","passed","2026-10-02","Pre-launch smoke — auth forms render inputs and submit button","pre-launch-smoke.spec.ts","",""
"","0","whitelists https://*.klaviyo.com (analytics/payment/error ingest)","buildContentSecurityPolicy — with nonce","2026-10-02","passed","2026-10-02","security-headers","web/lib","",""
"","194","renders all four period selector buttons","RevenueChart — rendering","2026-10-02","passed","2026-10-02","revenue-chart","web/app/locale","",""
"","5","rejects a password with no uppercase letter","","2026-10-02","passed","2026-10-02","","RegisterDto password strength validation","",""
"","4","throws BadRequest when requested amount exceeds remaining refundable","","2026-10-02","passed","2026-10-02","refundOrder()","OrdersRefundsService","",""
"","4","syncs the wishlist removal to the server when authenticated","ExpressCheckoutCleanup","2026-10-02","passed","2026-10-02","express-checkout-cleanup","web/app/locale","",""
"","4","propagates NotFoundException from service","","2026-10-02","passed","2026-10-02","findOne","AdminCategoriesController","",""
"","7","renders distinct ids per variant so the same form can mount twice","NewsletterForm","2026-10-02","passed","2026-10-02","newsletter-form","web/components/features","",""
"","5","does not render retry button when onRetry is not provided","ErrorMessage","2026-10-02","passed","2026-10-02","error-message","web/components/shared","",""
"","0","preserves the order in which keys appear in the input object","toQueryString()","2026-10-02","passed","2026-10-02","query-string","web/lib/api","",""
"","133","renders the unfiltered empty state when there are no refunds","AdminRefundsTable — base rendering","2026-10-02","passed","2026-10-02","admin-refunds-table","web/app/locale","",""
"","3","allows all user agents","robots","2026-10-02","passed","2026-10-02","robots","web/app/__tests__","",""
"","11","does not show the approximation asterisk for USD","DisplayPrice — USD (no conversion)","2026-10-02","passed","2026-10-02","display-price","web/components/shared","",""
"","148","sends the order total as insurance when the toggle is on","LabelPurchaseSection — purchase flow","2026-10-02","passed","2026-10-02","label-purchase-section","web/app/locale","",""
"","20","renders the express shipping line when express option is selected","CheckoutOrderSummary","2026-10-02","passed","2026-10-02","checkout-order-summary","web/app/locale","",""
"","1","skips Saturday and Sunday when starting from Thursday","calculateEstimatedDelivery","2026-10-02","passed","2026-10-02","calculate-estimated-delivery","web/app/locale","",""
"","5","updateAdminOrderProduction PATCHes /production","orders API — admin mutations","2026-10-02","passed","2026-10-02","orders","web/lib/api","",""
"","356","applies percentage as floor((subtotal * value) / 100)","","2026-10-02","passed","2026-10-02","computeDiscountAmountCents()","DiscountsService","",""
"","30","removes from wishlist when already in it","WishlistButton","2026-10-02","passed","2026-10-02","wishlist-button","web/components/features","",""
"","1","maps /admin/products/new to products/create","getHelpSlugForPath — products","2026-10-02","passed","2026-10-02","path-to-help-slug","web/lib/admin-help","",""
"","448","renders the ES homepage with correct lang attribute","Desktop Chrome","2026-10-02","passed","2026-10-02","Homepage","homepage.spec.ts","",""
"","7","delegates to authService.verifyEmail with the token and returns { verified: true }","","2026-10-02","passed","2026-10-02","verify-email","AuthController","",""
"","4","clamps discounted total to 0 when discountAmount exceeds the loyalty-adjusted total","","2026-10-02","passed","2026-10-02","create()","OrdersService","",""
"","1","every locale has the same total count","i18n key parity — all locales share the same shape","2026-10-02","passed","2026-10-02","parity","web/i18n","",""
"","1","exports Apple touch icon dimensions — 180×180","apple-icon","2026-10-02","passed","2026-10-02","apple-icon","web/app/__tests__","",""
"","4","renders CheckoutOrderSummary alongside the payment form","CheckoutPaymentForm","2026-10-02","passed","2026-10-02","checkout-payment-form","web/app/locale","",""
"","36","fetchProductBySlug GETs /api/products/:slug","products API — public","2026-10-02","passed","2026-10-02","products-admin","web/lib/api","",""
"","345","Save reply calls the API with the typed text","AdminReviewsTable — seller reply","2026-10-02","passed","2026-10-02","admin-reviews-table","web/app/locale","",""
"","140","renders ""Add to cart"" button","AddToCartButton — product not in cart","2026-10-02","passed","2026-10-02","add-to-cart-button","web/components/features","",""
"","3","deletes address owned by the user","","2026-10-02","passed","2026-10-02","remove","AddressesService","",""
"","252","dialog confirm for CANCELLED triggers the API call","AdminOrdersTable — status transitions","2026-10-02","passed","2026-10-02","admin-orders-table","web/app/locale","",""
"","11","states the 14-day return window","TermsPage — returns and refund policy","2026-10-02","passed","2026-10-02","terms-page","web/app/locale","",""
"","7","returns paginated orders with meta","","2026-10-02","passed","2026-10-02","findAll()","OrdersService","",""
"","10","always shows weight in grams regardless of measurement system","ProductDimensions — rendering","2026-10-02","passed","2026-10-02","product-dimensions","web/app/locale","",""
"","0","product detail lives at /products/[slug] (#280)","shared navigation — internal links","2026-10-02","passed","2026-10-02","","","",""
"","3","fires Klaviyo Placed Order with orderId + full items array","OrderPlacedTracker — dispatches conversion to every channel","2026-10-02","passed","2026-10-02","order-placed-tracker","web/app/locale","",""
"HTTP-level integration test for the Reviews module.

Bootstraps a real Nest application with the same global pipes as production
(ValidationPipe with whitelist/transform), then exercises the REST endpoints
via supertest. This covers the entire flow that broke in browser:
- Content-Type parsing
- DTO validation (rating bounds, types, optional fields)
- JWT guard
- Verified-purchase guard
- Successful creation with empty/missing comment (stars only)

Prisma is fully mocked — no database required.","5","queries Prisma to require DELIVERED — CANCELLED alone is not enough","","2026-10-02","passed","2026-10-02","","Reviews HTTP integration","",""
"","105","shows pagination buttons when multiple pages exist","AdminOrdersTable — rendering","2026-10-02","passed","2026-10-02","admin-orders-table","web/app/locale","",""
"","402","Delete confirmation triggers bulk delete","AdminProductsTable — bulk actions","2026-10-02","passed","2026-10-02","admin-products-table","web/app/locale","",""
"","6","fetchAdminOrders skips the ?-prefix entirely when params are empty","orders API — admin list & detail","2026-10-02","passed","2026-10-02","orders","web/lib/api","",""
"","3","fetchAdminCustomerById GETs /:id with bearer auth","customers API","2026-10-02","passed","2026-10-02","customers","web/lib/api","",""
"","265","reports the client as dry-run","","2026-10-02","passed","2026-10-02","isLiveMode","EasypostMockClient","",""
"","24","renders empty state when customer has no orders","CustomerDetail","2026-10-02","passed","2026-10-02","customer-detail","web/app/locale","",""
"","149","calls onMinPriceChange with the new value when the min input changes","PriceFilter — interactions","2026-10-02","passed","2026-10-02","price-filter","web/app/locale","",""
"","6","shows the active filter count badge when filters are applied","CatalogFiltersMobile — trigger button","2026-10-02","passed","2026-10-02","catalog-filters-mobile","web/app/locale","",""
"","2","navigates to the bare pathname with no query string","useCatalogFilters — clearFilters()","2026-10-02","passed","2026-10-02","use-catalog-filters","web/app/locale","",""
"","1","wraps values containing newlines (multi-line addresses)","","2026-10-02","passed","2026-10-02","","escapeCsvCell","",""
"","1","formats cross-month range as ""Apr 30 – May 2""","formatDeliveryRange","2026-10-02","passed","2026-10-02","calculate-estimated-delivery","web/app/locale","",""
"","0","returns null for diameters outside the standard range","findUsSizeByDiameter()","2026-10-02","passed","2026-10-02","ring-sizes","web/lib/__tests__","",""
"","6","displays the correct subtotal","CartSummary — above free shipping threshold ($130)","2026-10-02","passed","2026-10-02","cart-summary","web/app/locale","",""
"","143","submits with consent=true and sourceUrl when the checkbox is ticked","NewsletterForm","2026-10-02","passed","2026-10-02","newsletter-form","web/components/features","",""
"","72","surfaces ApiError.message in the inline alert on other 4xx (not 401)","ReviewForm","2026-10-02","passed","2026-10-02","review-form","web/components/features","",""
"","124","returns 200 confirmed and calls Klaviyo with SUBSCRIBED on valid token","","2026-10-02","passed","2026-10-02","POST /api/newsletter/confirm","Newsletter HTTP integration (double opt-in)","",""
"","1","does NOT emit HSTS (NODE_ENV=undefined) — would brick localhost-over-HTTP for 2 years","getSecurityHeaders — non-production environments","2026-10-02","passed","2026-10-02","security-headers","web/lib","",""
"","3","keeps the fallback for a currency missing from the API payload","","2026-10-02","passed","2026-10-02","getExchangeRates — happy path","CurrencyService","",""
"","25","does not render when isOpen is false","RefundOrderModal","2026-10-02","passed","2026-10-02","refund-order-modal","web/app/locale","",""
"","275","returns all 9 known statuses, including those with zero orders","","2026-10-02","passed","2026-10-02","getOrderStatusBreakdown","AdminOrdersAnalyticsService","",""
"","60","rejects file with invalid type and shows error badge","ProductImageUpload — file validation","2026-10-02","passed","2026-10-02","product-image-upload","web/app/locale","",""
"","2","overwrites previous auth state on second call","useAuthStore","2026-10-02","passed","2026-10-02","auth.store","web/store/__tests__","",""
"","1","rejects addressLine1 shorter than 3 characters","checkoutAddressSchema","2026-10-02","passed","2026-10-02","checkout-address-schema","web/app/locale","",""
"","0","does NOT contain wildcard scheme "" ws:""","buildContentSecurityPolicy — with nonce","2026-10-02","passed","2026-10-02","security-headers","web/lib","",""
"","4","fetchAdminReviews skips undefined params via URLSearchParams pattern","reviews API — admin","2026-10-02","passed","2026-10-02","reviews","web/lib/api","",""
"","162","renders children text","Button","2026-10-02","passed","2026-10-02","button","web/components/ui","",""
"","2","logger.warn writes structured JSON to console.warn","logger (server-side)","2026-10-02","passed","2026-10-02","logger","web/lib/__tests__","",""
"","4","skips silently when no Payment row matches the charge (unknown intent)","","2026-10-02","passed","2026-10-02","handleChargeDisputeCreated","StripeWebhooksService","",""
"","3","shows the empty state when the server returns no wishlist items","Desktop Chrome","2026-10-02","skipped","2026-10-02","Wishlist — authenticated /account/wishlist","reviews-wishlist.spec.ts","",""
"","96","renders a radio option for each category","CategoryFilter — rendering","2026-10-02","passed","2026-10-02","category-filter","web/app/locale","",""
"","13","discloses that import duties on international orders are the buyer responsibility","TermsPage — handmade-specific disclosures","2026-10-02","passed","2026-10-02","terms-page","web/app/locale","",""
"","551","/en/products returns 200 with no console errors","Desktop Chrome","2026-10-02","failed","2026-10-02","Pre-launch smoke — every public page","pre-launch-smoke.spec.ts","",""
"","2","reads env lazily — picks up changes per call (Sentry tests mutate env)","","2026-10-02","passed","2026-10-02","","getFrontendUrl","",""
"","32","fetchShippingStatus GETs /status and returns the isLiveMode flag","admin-shipping API","2026-10-02","passed","2026-10-02","admin-shipping","web/lib/api","",""
"","8","forwards the JWT-attached user when present","","2026-10-02","passed","2026-10-02","createPaymentIntent","PaymentsController","",""
"","2","returns already-unsubscribed when there are no active rows","","2026-10-02","passed","2026-10-02","unsubscribe","NewsletterService","",""
"","6","searches by title and SKU case-insensitively","","2026-10-02","passed","2026-10-02","findAllAdmin","ProductsService","",""
"","1","sets correct @context and @type for BreadcrumbList","generateBreadcrumbJsonLd","2026-10-02","passed","2026-10-02","json-ld","web/lib/seo","",""
"","4","countLowStock() wraps the service count in a { count } object","","2026-10-02","passed","2026-10-02","","AdminInventoryController","",""
"","14","shows ""Ready to ship today"" copy when productionDays is 0","CartItemRow — rendering","2026-10-02","passed","2026-10-02","cart-item-row","web/app/locale","",""
"","6","clears expressItem and removes the product from local wishlist","ExpressCheckoutCleanup","2026-10-02","passed","2026-10-02","express-checkout-cleanup","web/app/locale","",""
"","230","calls setTokens with the returned tokens and redirects to home","LoginForm — successful login","2026-10-02","passed","2026-10-02","login-form","web/app/locale","",""
"","979","no third-party requests on fresh visit — decision not yet made","Desktop Chrome","2026-10-02","passed","2026-10-02","Cookie-consent gate blocks third-party analytics until accepted","analytics-consent-gate.spec.ts","",""
"","4","revokes ALL sessions and throws UnauthorizedException on token reuse","","2026-10-02","passed","2026-10-02","refreshTokens","AuthService","",""
"","1","omits canonical when locale is undefined (root layout default metadata)","buildLocaleAlternates","2026-10-02","passed","2026-10-02","alternates","web/lib/seo","",""
"","4","returns the env-configured address, trimmed","getPrivacyEmail / getSupportEmail / getLegalEmail","2026-10-02","passed","2026-10-02","contact","web/lib/config","",""
"","2","returns the regular cart when no express item is set","useCheckoutItems()","2026-10-02","passed","2026-10-02","cart.store","web/store/__tests__","",""
"","428","displays RU flag and code when on the Russian locale","Desktop Chrome","2026-10-02","passed","2026-10-02","Language switching","language.spec.ts","",""
"","7","allows PENDING → CANCELLED when payment fails or times out","","2026-10-02","passed","2026-10-02","allowed transitions (happy path)","isValidOrderStatusTransition","",""
"","32","applies destructive background by default","ConfirmDialog — interaction","2026-10-02","passed","2026-10-02","confirm-dialog","web/components/admin","",""
"","2","default export returns an ImageResponse","opengraph-image","2026-10-02","passed","2026-10-02","opengraph-image","web/app/__tests__","",""
"","5","updates product status when product exists","","2026-10-02","passed","2026-10-02","updateStatus","ProductsService","",""
"","0","frame-src whitelists https://hooks.stripe.com (Stripe Elements + 3DS challenge)","buildContentSecurityPolicy — with nonce","2026-10-02","passed","2026-10-02","security-headers","web/lib","",""
"","37","formats FIXED_AMOUNT value as dollars","DiscountsTable","2026-10-02","passed","2026-10-02","discounts-table","web/app/locale","",""
"","60","moves to shipping method form (step 2) after address is submitted","CheckoutEntry — multi-step flow","2026-10-02","passed","2026-10-02","checkout-entry","web/app/locale","",""
"","4","attaches requestId to the request object","","2026-10-02","passed","2026-10-02","","RequestLoggerMiddleware","",""
"","23","renders empty state when customer has no addresses","CustomerDetail","2026-10-02","passed","2026-10-02","customer-detail","web/app/locale","",""
"","222","shows generic error message when API returns an unexpected error","RegisterForm — error handling","2026-10-02","passed","2026-10-02","register-form","web/app/locale","",""
"","455","renders the EN homepage with correct lang attribute","Desktop Chrome","2026-10-02","passed","2026-10-02","Homepage","homepage.spec.ts","",""
"","1","returns base cost for standard shipping when subtotal is below threshold","calculateShippingCost","2026-10-02","passed","2026-10-02","shipping-options","web/app/locale","",""
"","1","omits the Authorization header for anonymous guests","orders API — refunds & production","2026-10-02","passed","2026-10-02","orders","web/lib/api","",""
"","10","records terms acceptance for the order owner","","2026-10-02","passed","2026-10-02","acceptTerms()","OrdersService","",""
"","238","returns 'skipped' without calling fetch when credentials are missing","","2026-10-02","passed","2026-10-02","","KlaviyoNewsletterClient","",""
"","228","copies the code to clipboard when the code button is clicked","DiscountsTable","2026-10-02","passed","2026-10-02","discounts-table","web/app/locale","",""
"","4","calls authService.logout and clears refresh cookie","","2026-10-02","passed","2026-10-02","logout","AuthController","",""
"","86","shows full order total as remaining for first-time refunds","RefundOrderModal","2026-10-02","passed","2026-10-02","refund-order-modal","web/app/locale","",""
"","95","renders one <li> per product wrapped in a <ul role=""list"">","ProductGrid","2026-10-02","passed","2026-10-02","product-grid","web/components/features","",""
"","24","GETs /api/exchange-rates and returns the rate map","exchange-rates API","2026-10-02","passed","2026-10-02","exchange-rates","web/lib/api","",""
"","3","fetchAdminTopProducts encodes period + limit","admin analytics API","2026-10-02","passed","2026-10-02","admin","web/lib/api","",""
"","34","renders saved addresses with Default badge for the default address","CustomerDetail","2026-10-02","passed","2026-10-02","customer-detail","web/app/locale","",""
"","56","sets error when createOrder fails","useInitiateCheckout","2026-10-02","passed","2026-10-02","use-initiate-checkout","web/app/locale","",""
"","11","displays the ""cart is still saved"" subtitle","PaymentFailedContent — payment cancelled","2026-10-02","passed","2026-10-02","payment-failed-content","web/app/locale","",""
"","2","does not throw when gtag is undefined","gtag analytics helpers","2026-10-02","passed","2026-10-02","gtag","web/lib/analytics","",""
"","1","exports a descriptive alt text","twitter-image","2026-10-02","passed","2026-10-02","twitter-image","web/app/__tests__","",""
"","11","en.json and ru.json have identical key sets","i18n key parity — all locales share the same shape","2026-10-02","passed","2026-10-02","parity","web/i18n","",""
"","1","allows root path","robots","2026-10-02","passed","2026-10-02","robots","web/app/__tests__","",""
"","292","renders the table heading","AdminOrdersTable — rendering","2026-10-02","passed","2026-10-02","admin-orders-table","web/app/locale","",""
"","2","starts with all preferences set to false","useCookieConsentStore: initial state","2026-10-02","passed","2026-10-02","cookie-consent.store","web/store/__tests__","",""
"","3","disallows locale-prefixed cart/checkout/account for every supported locale (#458)","robots","2026-10-02","passed","2026-10-02","robots","web/app/__tests__","",""
"","0","exposes the 5 MB max file size constant","upload — isAllowedImageType","2026-10-02","passed","2026-10-02","upload","web/lib/api","",""
"","1","maps /admin (root) to getting-started","getHelpSlugForPath — customers, categories, discounts, settings","2026-10-02","passed","2026-10-02","path-to-help-slug","web/lib/admin-help","",""
"","130","shows success state even when API throws an error","ForgotPasswordForm — submission","2026-10-02","passed","2026-10-02","forgot-password-form","web/app/locale","",""
"","3","persists changed fields on the singleton row","","2026-10-02","passed","2026-10-02","updateSettings()","SiteSettingsService","",""
"","5","createAdminDiscount POSTs the payload","discounts API","2026-10-02","passed","2026-10-02","discounts","web/lib/api","",""
"","18","shows price_asc as selected when sortValue is ""price_asc""","SortFilter — rendering","2026-10-02","passed","2026-10-02","sort-filter","web/app/locale","",""
"","3","fires FB Pixel Purchase with total + productIds","OrderPlacedTracker — dispatches conversion to every channel","2026-10-02","passed","2026-10-02","order-placed-tracker","web/app/locale","",""
"","1","returns an empty string when every value is undefined/null/empty","toQueryString()","2026-10-02","passed","2026-10-02","query-string","web/lib/api","",""
"","1","setting hasDecided=false re-shows the banner","useCookieConsentStore: manual state reset (re-open banner)","2026-10-02","passed","2026-10-02","cookie-consent.store","web/store/__tests__","",""
"","4","falls back to localized error message for non-ApiError throws","useAdminCsvExport()","2026-10-02","passed","2026-10-02","","","",""
"","1","sets multiple roles on a handler","","2026-10-02","passed","2026-10-02","","Roles decorator","",""
"","3","upserts exactly 6 products with correct slugs","","2026-10-02","passed","2026-10-02","","seedProducts","",""
"","9","returns 400 when consent is false (GDPR Art. 7(1))","","2026-10-02","passed","2026-10-02","POST /api/newsletter/subscribe","Newsletter HTTP integration (double opt-in)","",""
"","249","renders one button per allowed next status from PAID (→ PROCESSING, → CANCELLED)","StatusUpdateSection","2026-10-02","passed","2026-10-02","status-update-section","web/admin/orders","",""
"","12","throws BadRequestException when productId is missing","","2026-10-02","passed","2026-10-02","checkReviewEligibility","ReviewsService","",""
"","359","returns { received: true } and dispatches payment_intent.succeeded","","2026-10-02","passed","2026-10-02","","StripeWebhooksController","",""
"","458","redirects root path to /en by default","Desktop Chrome","2026-10-02","passed","2026-10-02","Homepage","homepage.spec.ts","",""
"","7","throws NotFoundException when address belongs to another user","","2026-10-02","passed","2026-10-02","update","AddressesService","",""
"","0","whitelists https://*.ingest.sentry.io (analytics/payment/error ingest)","buildContentSecurityPolicy — with nonce","2026-10-02","passed","2026-10-02","security-headers","web/lib","",""
"","5","uses zero insurance when the field is omitted","","2026-10-02","passed","2026-10-02","purchaseLabel","ShippingService","",""
"","5","shows ""99+"" when total items exceed 99","CartIconButton — items in cart","2026-10-02","passed","2026-10-02","cart-icon-button","web/components/shared","",""
"","4","propagates error when order does not exist","","2026-10-02","passed","2026-10-02","updateTracking","AdminOrdersController","",""
"","3","throws BadRequestException when no candidate matches","","2026-10-02","passed","2026-10-02","verifyEmail","AuthService","",""
"","57","flags non-USD prices as approximate even when rates are fresh","useFormattedPrice","2026-10-02","passed","2026-10-02","useFormattedPrice","web/hooks","",""
"","4","returns true when maxPrice is set","useCatalogFilters — hasActiveFilters","2026-10-02","passed","2026-10-02","use-catalog-filters","web/app/locale","",""
"","43","does not call onMaxPriceChange when only the min input changes","PriceFilter — interactions","2026-10-02","passed","2026-10-02","price-filter","web/app/locale","",""
"","240","shows the current currency code in the trigger","CurrencySwitcher","2026-10-02","passed","2026-10-02","currency-switcher","web/components/shared","",""
"","4","returns null when user is not found","","2026-10-02","passed","2026-10-02","validateUserCredentials","AuthService","",""
"","12","renders nav links, account, cart, theme, currency, language and mobile nav slots","Header","2026-10-02","passed","2026-10-02","header","web/components/shared","",""
"","2","preserves existing unrelated params when updating one filter","useCatalogFilters — updateFilter()","2026-10-02","passed","2026-10-02","use-catalog-filters","web/app/locale","",""
"","625","theme toggle button is visible in the header","Desktop Chrome","2026-10-02","passed","2026-10-02","Theme switching","theme.spec.ts","",""
"","18","link points to the provided href","PaginationArrowButton — active (href provided)","2026-10-02","passed","2026-10-02","pagination-arrow-button","web/app/locale","",""
"","19","findMine() passes (currentUser.id, productId) to the service","","2026-10-02","passed","2026-10-02","","ReviewsController","",""
"","75","renders the USD amount as $X.XX","DisplayPrice — USD (no conversion)","2026-10-02","passed","2026-10-02","display-price","web/components/shared","",""
"","4","updateAdminDiscount PATCHes /:id with partial payload","discounts API","2026-10-02","passed","2026-10-02","discounts","web/lib/api","",""
"","18","delegates the id to usersService.findCustomerById","","2026-10-02","passed","2026-10-02","findOne","AdminCustomersController","",""
"","8","returns canReview=false when user has not purchased","","2026-10-02","passed","2026-10-02","checkReviewEligibility","ReviewsService","",""
"","3","throws UnauthorizedException when the token was issued for a different order","","2026-10-02","passed","2026-10-02","findOneByIdForCaller()","OrdersService","",""
"","416","displays main content area","Desktop Chrome","2026-10-02","passed","2026-10-02","Homepage","homepage.spec.ts","",""
"","8","throws ForbiddenException when a non-owner, non-admin caller has no matching token","","2026-10-02","passed","2026-10-02","acceptTerms()","OrdersService","",""
"","22","shows the error state when the API rejects the token","NewsletterConfirmClient","2026-10-02","passed","2026-10-02","newsletter-confirm","web/app/locale","",""
"","3","returns the env-configured origin, trimmed","getImageCdnOrigin","2026-10-02","passed","2026-10-02","image-cdn","web/lib/config","",""
"","2","maps title, description, images and material correctly","generateProductJsonLd","2026-10-02","passed","2026-10-02","json-ld","web/lib/seo","",""
"","622","navigates to /es when Spanish is selected from the dropdown","Desktop Chrome","2026-10-02","passed","2026-10-02","Language switching","language.spec.ts","",""
"","3","adds business days skipping weekends for standard shipping (5–7 days from Monday)","calculateEstimatedDelivery","2026-10-02","passed","2026-10-02","calculate-estimated-delivery","web/app/locale","",""
"","48","shows 30 days period as selected by default","RevenueChart — rendering","2026-10-02","passed","2026-10-02","revenue-chart","web/app/locale","",""
"","56","calls onSortChange with the new value when a different option is selected","SortFilter — interactions","2026-10-02","passed","2026-10-02","sort-filter","web/app/locale","",""
"","1","falls back to http://localhost:3000 when env is absent","getSiteUrl","2026-10-02","passed","2026-10-02","site-url","web/lib/config","",""
"","75","invokes onStatusChange(nextStatus) when a transition button is clicked","StatusUpdateSection","2026-10-02","passed","2026-10-02","status-update-section","web/admin/orders","",""
"","17","flushes the PostHog client on module destroy","","2026-10-02","passed","2026-10-02","when POSTHOG_API_KEY is configured","AnalyticsService","",""
"","3","does nothing when no points were ever awarded (loyaltyPointsEarned=0)","","2026-10-02","passed","2026-10-02","reverseForCancellationOrRefund","LoyaltyService","",""
"","192","renders loading state before data arrives","AdminOrderDetail — rendering","2026-10-02","passed","2026-10-02","admin-order-detail","web/app/locale","",""
"","9","throws NotFoundException when product id does not exist","","2026-10-02","passed","2026-10-02","updateStatus","ProductsService","",""
"","242","submits trimmed trackingNumber + carrier via onTrackingSubmit","TrackingSection","2026-10-02","passed","2026-10-02","tracking-section","web/admin/orders","",""
"","3","renders paid shipping in default color (not green)","","2026-10-02","passed","2026-10-02","","buildOrderConfirmationEmail","",""
"","1","rejects a segment with an underscore","resolveHelpDocPath — path traversal guard","2026-10-02","passed","2026-10-02","load-help-content","web/lib/admin-help","",""
"","267","sets roles metadata on a handler","","2026-10-02","passed","2026-10-02","","Roles decorator","",""
"","5","throws NotFoundException when deleting a non-existent slug","","2026-10-02","passed","2026-10-02","remove","ProductsService","",""
"","24","calls setTheme with ""light"" when clicked in dark mode","ThemeToggle — dark mode","2026-10-02","passed","2026-10-02","theme-toggle","web/components/shared","",""
"","111","adds the product to the cart store when clicked","AddToCartButton — product not in cart","2026-10-02","passed","2026-10-02","add-to-cart-button","web/components/features","",""
"","1","handles fractional USD amounts (kept as-is)","formatCurrencyPrice","2026-10-02","passed","2026-10-02","formatCurrencyPrice","web/lib/__tests__","",""
"","25","renders all 9 question summaries as <summary> elements","FaqPage — content + structure","2026-10-02","passed","2026-10-02","page","web/app/[locale]/faq","",""
"","11","shows bead size always in mm regardless of measurement system","ProductDimensions — rendering","2026-10-02","passed","2026-10-02","product-dimensions","web/app/locale","",""
"","0","returns an empty mainEntity array when given no items","generateFaqJsonLd","2026-10-02","passed","2026-10-02","json-ld","web/lib/seo","",""
"","1","always emits X-Content-Type-Options, X-Frame-Options, Referrer-Policy, Permissions-Policy (NODE_ENV=production)","getSecurityHeaders — baseline (every environment)","2026-10-02","passed","2026-10-02","security-headers","web/lib","",""
"","20","renders nothing when product has no dimension data","ProductDimensions — rendering","2026-10-02","passed","2026-10-02","product-dimensions","web/app/locale","",""
"","55","marks USD prices as approximate when the server reports stale rates","useFormattedPrice","2026-10-02","passed","2026-10-02","useFormattedPrice","web/hooks","",""
"","1","maps each input item to a Question with an accepted Answer","generateFaqJsonLd","2026-10-02","passed","2026-10-02","json-ld","web/lib/seo","",""
"","10","renders the remove button with a 44px touch target (size-11) for Lighthouse compliance","CartItemRow — accessibility","2026-10-02","passed","2026-10-02","cart-item-row","web/app/locale","",""
"","5","fetchAdminInventory omits lowStockOnly=false (falsy guard)","products API — admin list & detail","2026-10-02","passed","2026-10-02","products-admin","web/lib/api","",""
"","174","shows API error message when reset fails with ApiError","ResetPasswordForm — submission","2026-10-02","passed","2026-10-02","reset-password-form","web/app/locale","",""
"","236","renders the heading + star rating + count from initial props before fetch resolves","ReviewsSection","2026-10-02","passed","2026-10-02","reviews-section","web/components/features","",""
"","28","disables Next on the last page","AdminPagination","2026-10-02","passed","2026-10-02","","","",""
"","1","renders GBP with the £ symbol and converts via the rate","formatCurrencyPrice","2026-10-02","passed","2026-10-02","formatCurrencyPrice","web/lib/__tests__","",""
"","3","prefers header over query when both provided","","2026-10-02","passed","2026-10-02","findOne()","OrdersController","",""
"","44","renders the live badge when the API reports live mode","LabelPurchaseSection — render gating","2026-10-02","passed","2026-10-02","label-purchase-section","web/app/locale","",""
"","35","renders the Export CSV button","AdminOrdersTable — Export CSV","2026-10-02","passed","2026-10-02","admin-orders-table","web/app/locale","",""
"","6","handles empty object without errors","","2026-10-02","passed","2026-10-02","","sanitizeForLog","",""
"","4","throws NotFoundException when the order is missing","","2026-10-02","passed","2026-10-02","purchaseLabel","ShippingService","",""
"","91","calls purchase API with selected carrier and zero insurance by default","LabelPurchaseSection — purchase flow","2026-10-02","passed","2026-10-02","label-purchase-section","web/app/locale","",""
"","28","shows the error state when the API rejects the token","NewsletterUnsubscribeClient","2026-10-02","passed","2026-10-02","newsletter-unsubscribe","web/app/locale","",""
"","3","returns affectedCount=0 when no ids match — caller can warn about stale selection","","2026-10-02","passed","2026-10-02","bulkAction()","ProductsService","",""
"","49","links each row back to the order detail page","AdminRefundsTable — base rendering","2026-10-02","passed","2026-10-02","admin-refunds-table","web/app/locale","",""
"","4","top-up after PARTIALLY_REFUNDED — cumulative refund reaches total → REFUNDED","","2026-10-02","passed","2026-10-02","refundOrder()","OrdersRefundsService","",""
"","59","displays shipping address details","ConfirmationOrderSummary","2026-10-02","passed","2026-10-02","confirmation-order-summary","web/app/locale","",""
"","22","wraps the menu in a <nav> with an accessible label","NavLinks","2026-10-02","passed","2026-10-02","nav-links","web/components/shared","",""
"","7","skips processing when payment is already SUCCEEDED (idempotency)","","2026-10-02","passed","2026-10-02","handlePaymentIntentSucceeded","StripeWebhooksService","",""
"","628","every desktop nav link opens a live page","Desktop Chrome","2026-10-02","passed","2026-10-02","Pre-launch smoke — nav & footer links resolve","pre-launch-smoke.spec.ts","",""
"","11","throws UnauthorizedException when user is not found","","2026-10-02","passed","2026-10-02","changePassword","AuthService","",""
"","17","does not capture payment_succeeded on idempotent re-delivery","","2026-10-02","passed","2026-10-02","handlePaymentIntentSucceeded","StripeWebhooksService","",""
"","14","cta variant carries data-variant=""cta"" for analytics targeting","Button","2026-10-02","passed","2026-10-02","button","web/components/ui","",""
"","1","excludes email from shippingAddress","buildOrderPayload()","2026-10-02","passed","2026-10-02","build-order-payload","web/app/locale","",""
"","2","doubles up embedded double quotes and wraps the cell","","2026-10-02","passed","2026-10-02","","escapeCsvCell","",""
"","93","renders the balance in points and dollar-worth","LoyaltyOverview","2026-10-02","passed","2026-10-02","loyalty-overview","web/app/locale","",""
"","4","resets avgRating to 0 when no APPROVED reviews remain","","2026-10-02","passed","2026-10-02","updateStatusForAdmin","ReviewsService","",""
"","2","includes the locale root (home = catalog) for each locale","sitemap","2026-10-02","passed","2026-10-02","sitemap","web/app/__tests__","",""
"","3","delegates DTO + auth context to OrdersService.acceptTerms","","2026-10-02","passed","2026-10-02","acceptTerms()","OrdersController","",""
"","13","no leaf value is an empty string in any locale","i18n key parity — all locales share the same shape","2026-10-02","passed","2026-10-02","parity","web/i18n","",""
"","18","renders converted CAD with the approximation asterisk","DisplayPrice — CAD/GBP (conversion + approximation hint)","2026-10-02","passed","2026-10-02","display-price","web/components/shared","",""
"","560","/en/care returns 200 with no console errors","Desktop Chrome","2026-10-02","failed","2026-10-02","Pre-launch smoke — every public page","pre-launch-smoke.spec.ts","",""
"","0","emits Cross-Origin-Opener-Policy: same-origin and Cross-Origin-Resource-Policy: same-site","getSecurityHeaders — production-only headers","2026-10-02","passed","2026-10-02","security-headers","web/lib","",""
"","6","renders the note under each entry when present","StatusTimeline","2026-10-02","passed","2026-10-02","pure-cards","web/admin/orders","",""
"","217","shows generic error message when API returns an unexpected error","LoginForm — error handling","2026-10-02","passed","2026-10-02","login-form","web/app/locale","",""
"","5","creates review and recalculates Product avgRating + reviewCount","","2026-10-02","passed","2026-10-02","createReview","ReviewsService","",""
"","2","allows access when user role is one of multiple required roles","","2026-10-02","passed","2026-10-02","","RolesGuard","",""
"","109","shows error toast when save fails","SettingsForm","2026-10-02","passed","2026-10-02","settings-form","web/app/locale","",""
"","150","shows the toggle when a length field is present","ProductDimensions — measurement toggle","2026-10-02","passed","2026-10-02","product-dimensions","web/app/locale","",""
"","41","switches back from metric to imperial when in button is clicked","ProductDimensions — measurement toggle","2026-10-02","passed","2026-10-02","product-dimensions","web/app/locale","",""
"","86","renders product rows ordered by revenue","TopProductsTable","2026-10-02","passed","2026-10-02","top-products-table","web/app/locale","",""
"","67","renders read-only mode with aria-label showing the value","StarRating","2026-10-02","passed","2026-10-02","star-rating","web/components/features","",""
"","84","renders Cancel and Issue refund action buttons","RefundOrderModal","2026-10-02","passed","2026-10-02","refund-order-modal","web/app/locale","",""
"","53","renders the entry screen with guest and auth options","CheckoutEntry — gateway screen","2026-10-02","passed","2026-10-02","checkout-entry","web/app/locale","",""
"","10","exports ROLES_KEY constant","","2026-10-02","passed","2026-10-02","","Roles decorator","",""
"HTTP-level integration test for the Reviews module.

Bootstraps a real Nest application with the same global pipes as production
(ValidationPipe with whitelist/transform), then exercises the REST endpoints
via supertest. This covers the entire flow that broke in browser:
- Content-Type parsing
- DTO validation (rating bounds, types, optional fields)
- JWT guard
- Verified-purchase guard
- Successful creation with empty/missing comment (stars only)

Prisma is fully mocked — no database required.","5","creates review with rating=2 and no comment (stars only)","","2026-10-02","passed","2026-10-02","","Reviews HTTP integration","",""
"","66","renders the CatalogFilters component inside the sheet","CatalogFiltersMobile — sheet open/close","2026-10-02","passed","2026-10-02","catalog-filters-mobile","web/app/locale","",""
"","4","includes search params in the captured pageview URL","PostHogAnalytics","2026-10-02","passed","2026-10-02","posthog","web/components/analytics","",""
"","125","returns 400 for invalid token","","2026-10-02","passed","2026-10-02","POST /api/newsletter/confirm","Newsletter HTTP integration (double opt-in)","",""
"","1","can fill address form and proceed to shipping method","Desktop Chrome","2026-10-02","skipped","2026-10-02","Add to cart → Checkout flow","checkout-flow.spec.ts","",""
"","3","fires FB Pixel InitiateCheckout with num_items + value","CheckoutEntry — dispatches checkout-started to every consented channel","2026-10-02","passed","2026-10-02","checkout-entry","web/app/locale","",""
"","4","reply() passes (reviewId, sellerReplyDto) to setSellerReply","","2026-10-02","passed","2026-10-02","","AdminReviewsController","",""
"","1","includes /about entry for each locale","sitemap","2026-10-02","passed","2026-10-02","sitemap","web/app/__tests__","",""
"","1223","list() scopes to the current user","","2026-10-02","passed","2026-10-02","","WishlistController","",""
"","68","renders ""Guest"" label when guestEmail is null","AdminOrdersTable — rendering","2026-10-02","passed","2026-10-02","admin-orders-table","web/app/locale","",""
"","1","trackOrderPlaced sends order properties","PostHog event helpers","2026-10-02","passed","2026-10-02","posthog","web/lib/analytics","",""
"","53","renders the show-password button with aria-label ""Show password""","RegisterForm — rendering","2026-10-02","passed","2026-10-02","register-form","web/app/locale","",""
"","1","escapes regex special characters in the query","highlightMatch()","2026-10-02","passed","2026-10-02","highlight-match","web/lib/search","",""
"","248","renders the refund amount formatted as USD","","2026-10-02","passed","2026-10-02","","buildRefundProcessedEmail","",""
"","122","records terms then confirms payment when the checkbox is ticked","CheckoutStripeForm","2026-10-02","passed","2026-10-02","checkout-stripe-form","web/app/locale/checkout","",""
"","3","strips special characters when generating slug","","2026-10-02","passed","2026-10-02","create","CategoriesService","",""
"","3","is a no-op for trackPaymentSucceeded — no client constructed, no events captured","","2026-10-02","passed","2026-10-02","when POSTHOG_API_KEY is missing","AnalyticsService","",""
"","4","shows a count of 1 for a single active filter","CatalogFiltersMobile — trigger button","2026-10-02","passed","2026-10-02","catalog-filters-mobile","web/app/locale","",""
"","2","fetchReviewEligibility returns the booleans","reviews API — public","2026-10-02","passed","2026-10-02","reviews","web/lib/api","",""
"","1","does NOT emit COOP / CORP (NODE_ENV=test)","getSecurityHeaders — non-production environments","2026-10-02","passed","2026-10-02","security-headers","web/lib","",""
"","288","shows mismatch error when passwords do not match","ResetPasswordForm — validation","2026-10-02","passed","2026-10-02","reset-password-form","web/app/locale","",""
"","84","opens the filters sheet when the trigger button is clicked","CatalogFiltersMobile — sheet open/close","2026-10-02","passed","2026-10-02","catalog-filters-mobile","web/app/locale","",""
"","1","redacts sensitive values: /api/orders/x?status=ok&token=abc → /api/orders/x?status=ok&token=[REDACTED]","","2026-10-02","passed","2026-10-02","","redactSensitiveQueryParams","",""
"","89","renders title, description, and all three action buttons","CookieBanner — default view actions","2026-10-02","passed","2026-10-02","cookie-banner","web/components/shared","",""
"","2","preserves the .csv extension when already present","downloadCsv","2026-10-02","passed","2026-10-02","csv-download","web/lib/api","",""
"","3","fires each dispatcher only once even when React Strict Mode double-mounts","OrderPlacedTracker — dispatches conversion to every channel","2026-10-02","passed","2026-10-02","order-placed-tracker","web/app/locale","",""
"","1","propagates ApiError when the request fails","createPaymentIntent","2026-10-02","passed","2026-10-02","payments","web/lib/api","",""
"","1","acceptAll is a no-op on preferences once opted out (CPRA opt-out is sticky)","useCookieConsentStore: CCPA/CPRA Do Not Sell","2026-10-02","passed","2026-10-02","cookie-consent.store","web/store/__tests__","",""
"","24","shows not found state when order query returns undefined","AdminOrderDetail — rendering","2026-10-02","passed","2026-10-02","admin-order-detail","web/app/locale","",""
"","6","throws ApiError with correct status on 404","apiClient()","2026-10-02","passed","2026-10-02","client","web/lib/api","",""
"","1","exports png content type","twitter-image","2026-10-02","passed","2026-10-02","twitter-image","web/app/__tests__","",""
"","22","renders nothing when totalPages <= 1","AdminPagination","2026-10-02","passed","2026-10-02","","","",""
"","504","shows the language accordion in the mobile sidebar","Desktop Chrome","2026-10-02","passed","2026-10-02","Mobile navigation","navigation.spec.ts","",""
"","23","renders the physical postal address from NEXT_PUBLIC_COMPANY_ADDRESS","PrivacyPage — structure","2026-10-02","passed","2026-10-02","privacy-page","web/app/locale","",""
"","6","calls Resend with correct recipient and refund subject","","2026-10-02","passed","2026-10-02","sendRefundProcessed()","EmailService","",""
"","384","shows Sign in + Register entries when isAuthenticated=false","AccountIconButton — unauthenticated","2026-10-02","passed","2026-10-02","account-icon-button","web/components/shared","",""
"","8","accepts the guest order-access token via X-Order-Access-Token header","","2026-10-02","passed","2026-10-02","createPaymentIntent","PaymentsController","",""
"","55","sets error when createPaymentIntent fails","useInitiateCheckout","2026-10-02","passed","2026-10-02","use-initiate-checkout","web/app/locale","",""
"","7","maps cart items to order items with productSnapshot","buildOrderPayload()","2026-10-02","passed","2026-10-02","build-order-payload","web/app/locale","",""
"","6","returns already-confirmed if the email is already subscribed","","2026-10-02","passed","2026-10-02","confirm","NewsletterService","",""
"","1","extends the delivery window by productionDays for made-on-order pieces","formatLatestDeliveryDate()","2026-10-02","passed","2026-10-02","format-eta","web/app/locale","",""
"","1","adds business days skipping weekends for express shipping (2–3 days from Monday)","calculateEstimatedDelivery","2026-10-02","passed","2026-10-02","calculate-estimated-delivery","web/app/locale","",""
"","4","throws BadRequestException when no candidates with valid reset tokens exist","","2026-10-02","passed","2026-10-02","resetPassword","AuthService","",""
"","18","findOne() returns the service settings","","2026-10-02","passed","2026-10-02","","AdminSiteSettingsController","",""
"","4","returns the user profile after login","useCurrentUser()","2026-10-02","passed","2026-10-02","user.store","web/store/__tests__","",""
"","19","throws ServiceUnavailableException on a non-202 response","","2026-10-02","passed","2026-10-02","","KlaviyoNewsletterClient","",""
"","3","applies case-insensitive email search when provided","","2026-10-02","passed","2026-10-02","findAllCustomers()","UsersService","",""
"","5","propagates StripeSignatureVerificationError when the signature is invalid","","2026-10-02","passed","2026-10-02","","StripeWebhooksController","",""
"","255","returns uploadUrl and publicUrl with correct s3 key format","","2026-10-02","passed","2026-10-02","generatePresignedUrl","UploadService","",""
"","8","does not throw when Resend SDK throws unexpectedly","","2026-10-02","passed","2026-10-02","sendOrderConfirmation()","EmailService","",""
"","4","returns totalRevenueCents as 0 when no revenue orders exist","","2026-10-02","passed","2026-10-02","getStats","AdminService","",""
"","132","renders order id (last 8 uppercase) and customer email for each queue item","ProductionTable","2026-10-02","passed","2026-10-02","production-table","web/app/locale","",""
"HTTP integration test for the Wishlist module — exercises the full
NestJS request pipeline (JWT guard, ValidationPipe, controller, service)
with Prisma fully mocked. Mirrors the contract used by the frontend.","6","returns 404 on POST /wishlist/:productId when product is unknown","","2026-10-02","passed","2026-10-02","","Wishlist HTTP integration","",""
"","471","accepts a password with lowercase, uppercase, and digit","","2026-10-02","passed","2026-10-02","","RegisterDto password strength validation","",""
"","216","renders a button with the help label","HelpButton — render","2026-10-02","passed","2026-10-02","help-button","web/components/admin","",""
"","346","renders the purchase form for a PAID order","LabelPurchaseSection — render gating","2026-10-02","passed","2026-10-02","label-purchase-section","web/app/locale","",""
"","269","returns the authenticated user profile","","2026-10-02","passed","2026-10-02","GET /users/me","UsersController","",""
"","24","fetchProductReviews builds the URL with default page=1 and limit=10","reviews API — public","2026-10-02","passed","2026-10-02","reviews","web/lib/api","",""
"","268","returns fallback rates and marks stale=true when API key is missing","","2026-10-02","passed","2026-10-02","getExchangeRates — fallback path","CurrencyService","",""
"","2","sums prices across cart items (each item is qty 1)","useCartTotalPrice()","2026-10-02","passed","2026-10-02","cart.store","web/store/__tests__","",""
"HTTP-level integration test for the Reviews module.

Bootstraps a real Nest application with the same global pipes as production
(ValidationPipe with whitelist/transform), then exercises the REST endpoints
via supertest. This covers the entire flow that broke in browser:
- Content-Type parsing
- DTO validation (rating bounds, types, optional fields)
- JWT guard
- Verified-purchase guard
- Successful creation with empty/missing comment (stars only)

Prisma is fully mocked — no database required.","6","queries Prisma to require DELIVERED — SHIPPED alone is not enough","","2026-10-02","passed","2026-10-02","","Reviews HTTP integration","",""
"","1","order detail shows allowed next-status buttons based on current status","Desktop Chrome","2026-10-02","skipped","2026-10-02","Admin flow — orders list + detail","admin-flow.spec.ts","",""
"","12","displays the order ID","ConfirmationSuccessHeader","2026-10-02","passed","2026-10-02","confirmation-success-header","web/app/locale","",""
"","42","renders the static ""Qty 1"" indicator (no +/- controls in the handmade model)","CartItemRow — rendering","2026-10-02","passed","2026-10-02","cart-item-row","web/app/locale","",""
"","15","rejects when subtotal is below minOrderCents","","2026-10-02","passed","2026-10-02","applyOnOrderCreate()","DiscountsService","",""
"","21","fires FB Pixel AddToCart with content_ids + added-line value","AddToCartButton — dispatches add-to-cart to every consented channel","2026-10-02","passed","2026-10-02","add-to-cart-button","web/components/features","",""
"HTTP-level integration test for the Reviews module.

Bootstraps a real Nest application with the same global pipes as production
(ValidationPipe with whitelist/transform), then exercises the REST endpoints
via supertest. This covers the entire flow that broke in browser:
- Content-Type parsing
- DTO validation (rating bounds, types, optional fields)
- JWT guard
- Verified-purchase guard
- Successful creation with empty/missing comment (stars only)

Prisma is fully mocked — no database required.","20","returns 400 when rating is missing","","2026-10-02","passed","2026-10-02","","Reviews HTTP integration","",""
"","7","redacts sensitive values: /api/orders/x?token=abc&status=ok → /api/orders/x?token=[REDACTED]&status=ok","","2026-10-02","passed","2026-10-02","","redactSensitiveQueryParams","",""
"","9","returns tokens when emailVerifiedAt is set","","2026-10-02","passed","2026-10-02","login (email verification guard)","AuthService","",""
"","1","includes /terms entry for each locale","sitemap","2026-10-02","passed","2026-10-02","sitemap","web/app/__tests__","",""
"","2","default export returns an ImageResponse","twitter-image","2026-10-02","passed","2026-10-02","twitter-image","web/app/__tests__","",""
"","2","returns pagination meta matching the page size","","2026-10-02","passed","2026-10-02","findAllCustomers()","UsersService","",""
"","2","update() passes (userId, addressId, dto) in the correct order","","2026-10-02","passed","2026-10-02","","AddressesController","",""
"","61","shows name error when name is empty on submit","ContactForm — client-side validation","2026-10-02","passed","2026-10-02","contact-form","web/app/locale","",""
"","40","renders translated status text for PAID","OrderStatusBadge","2026-10-02","passed","2026-10-02","order-status-badge","web/admin/orders","",""
"","3","rejects expired codes","","2026-10-02","passed","2026-10-02","validate()","DiscountsService","",""
"","4","does nothing when GPC is absent or false","GpcHonorer","2026-10-02","passed","2026-10-02","gpc-honorer","web/components/shared","",""
"","5","marketing variant renders a working unsubscribe link","","2026-10-02","passed","2026-10-02","","renderEmailFooter","",""
"","971","search (/en/search) has no serious or critical WCAG 2.1 AA violations","Desktop Chrome","2026-10-02","passed","2026-10-02","Axe a11y scan","a11y.spec.ts","",""
"","461","shows success state after successful API call","ContactForm — successful submission","2026-10-02","passed","2026-10-02","contact-form","web/app/locale","",""
"","5","returns paginated reviews with masked author names","","2026-10-02","passed","2026-10-02","findReviewsForProduct","ReviewsService","",""
"","31","shows the error state when token/email are missing","NewsletterUnsubscribeClient","2026-10-02","passed","2026-10-02","newsletter-unsubscribe","web/app/locale","",""
"","2","removes the filter param from the URL when value is empty string","useCatalogFilters — updateFilter()","2026-10-02","passed","2026-10-02","use-catalog-filters","web/app/locale","",""
"","5","omits addressLine2 and phone when absent","ShippingAddressCard","2026-10-02","passed","2026-10-02","pure-cards","web/admin/orders","",""
"","43","disables Prev on the first page","AdminPagination","2026-10-02","passed","2026-10-02","","","",""
"","2","returns success without writes when user has no wishlist row","","2026-10-02","passed","2026-10-02","removeFromWishlist","WishlistService","",""
"","10","uses delivery days from selectedOption when provided","CheckoutOrderSummary","2026-10-02","passed","2026-10-02","checkout-order-summary","web/app/locale","",""
"","91","marks clicked period button as selected","RevenueChart — period selector","2026-10-02","passed","2026-10-02","revenue-chart","web/app/locale","",""
"","11","returns paginated meta with totalPages computed from totalCount/limit","","2026-10-02","passed","2026-10-02","findAllForAdmin","ReviewsService","",""
"","2","throws ApiError with correct status on 500","apiClient()","2026-10-02","passed","2026-10-02","client","web/lib/api","",""
"","2","resets pagination by removing the page param on filter change","useCatalogFilters — updateFilter()","2026-10-02","passed","2026-10-02","use-catalog-filters","web/app/locale","",""
"","4","sets emailVerifiedAt and clears the token on a valid match","","2026-10-02","passed","2026-10-02","verifyEmail","AuthService","",""
"","190","calls updateAdminProductStock when admin commits a stock edit","InventoryTable","2026-10-02","passed","2026-10-02","inventory-table","web/app/locale","",""
"","108","renders the full status legend with counts including zero buckets","OrderStatusBreakdown","2026-10-02","passed","2026-10-02","order-status-breakdown","web/app/locale","",""
"","10","renders the password input as type=""password"" by default","RegisterForm — rendering","2026-10-02","passed","2026-10-02","register-form","web/app/locale","",""
"","20","purchaseLabel() flattens (orderId, carrier, insuranceCents) into a single argument","","2026-10-02","passed","2026-10-02","","AdminShippingController","",""
"","4","propagates service error when findAll throws","","2026-10-02","passed","2026-10-02","findAll","AdminOrdersController","",""
"","5","delegates to ProductsService.create with the DTO","","2026-10-02","passed","2026-10-02","create","ProductsController","",""
"","3","captures ApiError 5xx (upstream failure) with admin context","captureAdminError","2026-10-02","passed","2026-10-02","capture-admin-error","web/lib/sentry","",""
"","27","renders the cookie preferences button","Footer","2026-10-02","passed","2026-10-02","footer","web/components/shared","",""
"HTTP-level integration test for the Reviews module.

Bootstraps a real Nest application with the same global pipes as production
(ValidationPipe with whitelist/transform), then exercises the REST endpoints
via supertest. This covers the entire flow that broke in browser:
- Content-Type parsing
- DTO validation (rating bounds, types, optional fields)
- JWT guard
- Verified-purchase guard
- Successful creation with empty/missing comment (stars only)

Prisma is fully mocked — no database required.","14","returns 400 when rating is 0","","2026-10-02","passed","2026-10-02","","Reviews HTTP integration","",""
"","1","returns 0 for non-finite, zero, or negative subtotals","loyalty — calculateMaxRedeemablePoints","2026-10-02","passed","2026-10-02","loyalty","web/lib/api","",""
"","296","allows access when no @Roles() decorator is set","","2026-10-02","passed","2026-10-02","","RolesGuard","",""
"","16","derives userId from the JWT-attached user, ignoring anything in the body","","2026-10-02","passed","2026-10-02","create()","OrdersController","",""
"","3","returns null when token is null","decodeAuthUser","2026-10-02","passed","2026-10-02","posthog","web/lib/analytics","",""
"","11","formats prices to two decimals without floating-point artifacts","","2026-10-02","passed","2026-10-02","","buildOrderConfirmationEmail","",""
"","3","skips the server sync for unauthenticated users (still clears local state)","ExpressCheckoutCleanup","2026-10-02","passed","2026-10-02","express-checkout-cleanup","web/app/locale","",""
"","1","calculates subtotal as sum of price × quantity across all items","buildOrderPayload()","2026-10-02","passed","2026-10-02","build-order-payload","web/app/locale","",""
"","339","renders all three section headings after settings load","SettingsForm","2026-10-02","passed","2026-10-02","settings-form","web/app/locale","",""
"","4","returns token pair and creates a RefreshToken record","","2026-10-02","passed","2026-10-02","login","AuthService","",""
"","128","renders the privacy + terms links","Footer","2026-10-02","passed","2026-10-02","footer","web/components/shared","",""
"","40","does NOT remove the product when the user clicks the View cart link","AddToCartButton — product already in cart","2026-10-02","passed","2026-10-02","add-to-cart-button","web/components/features","",""
"","0","frame-src whitelists https://js.stripe.com (Stripe Elements + 3DS challenge)","buildContentSecurityPolicy — with nonce","2026-10-02","passed","2026-10-02","security-headers","web/lib","",""
"","13","has aria-labelledby pointing to the title element","CookieBanner — accessibility","2026-10-02","passed","2026-10-02","cookie-banner","web/components/shared","",""
"","304","create() passes (currentUser.id, dto) to ReviewsService.createReview","","2026-10-02","passed","2026-10-02","","ReviewsController","",""
"","188","re-enables the submit button after a failed request","LoginForm — error handling","2026-10-02","passed","2026-10-02","login-form","web/app/locale","",""
"","8","initializes the SDK and captures the initial pageview when consent is granted","PostHogAnalytics","2026-10-02","passed","2026-10-02","posthog","web/components/analytics","",""
"","4","throws BadRequest when order has no payment record","","2026-10-02","passed","2026-10-02","refundOrder()","OrdersRefundsService","",""
"","3","returns the computed discount amount for a valid code","","2026-10-02","passed","2026-10-02","validate()","DiscountsService","",""
"","2","accepts stock = 1 with productionDays = 0 (in stock, no production needed)","","2026-10-02","passed","2026-10-02","","CreateProductDto productionDays cross-field validation","",""
"","209","shows the submitting label while the request is in flight","LoginForm — successful login","2026-10-02","passed","2026-10-02","login-form","web/app/locale","",""
"","1","unauthenticated visitor sees the ""Sign in to review"" CTA","Desktop Chrome","2026-10-02","skipped","2026-10-02","Reviews — product page CTA per auth+eligibility","reviews-wishlist.spec.ts","",""
"","10","records lastOrderAt as the latest order createdAt across all order statuses","","2026-10-02","passed","2026-10-02","findAllCustomers()","UsersService","",""
"","3","rejects a token issued for a different email","","2026-10-02","passed","2026-10-02","","unsubscribe token","",""
"","7","allows PROCESSING → CANCELLED for MADE_TO_ORDER before production completes","","2026-10-02","passed","2026-10-02","allowed transitions (happy path)","isValidOrderStatusTransition","",""
"","5","trackPinPageVisit sends pagevisit with product line item","pintrk analytics helpers","2026-10-02","passed","2026-10-02","pintrk","web/lib/analytics","",""
"","6","forwards the DTO to updateProfile scoped to the caller","","2026-10-02","passed","2026-10-02","PATCH /users/me","UsersController","",""
"","24","fetchMyWishlist GETs /api/wishlist with bearer auth","wishlist API","2026-10-02","passed","2026-10-02","wishlist","web/lib/api","",""
"","40","opens external https:// links in a new tab with rel=""noopener noreferrer""","MarkdownRenderer","2026-10-02","passed","2026-10-02","markdown-renderer","web/components/admin","",""
"","10","splits new vs returning customers by first paid order timestamp","","2026-10-02","passed","2026-10-02","getKeyMetrics","AdminRevenueService","",""
"","29","shows the error state when token or email is missing from the URL","NewsletterConfirmClient","2026-10-02","passed","2026-10-02","newsletter-confirm","web/app/locale","",""
"","2","returns 0 for zero or negative inputs","","2026-10-02","passed","2026-10-02","calculatePointsEarnedFromSubtotal","loyalty math helpers","",""
"","39","renders home link","LocaleError boundary (root /[locale]/error.tsx)","2026-10-02","passed","2026-10-02","error","web/app/locale","",""
"","30","disables all transition buttons while isUpdating=true","StatusUpdateSection","2026-10-02","passed","2026-10-02","status-update-section","web/admin/orders","",""
"","160","links product title to the public product page","TopProductsTable","2026-10-02","passed","2026-10-02","top-products-table","web/app/locale","",""
"","16","updates slug explicitly without auto-regenerating from name","","2026-10-02","passed","2026-10-02","update","CategoriesService","",""
"","4","returns live rates from the API when the response is valid","","2026-10-02","passed","2026-10-02","getExchangeRates — happy path","CurrencyService","",""
"","46","returns a USD placeholder during the first paint before exchange rates resolve","useFormattedPrice","2026-10-02","passed","2026-10-02","useFormattedPrice","web/hooks","",""
"HTTP integration test for the Wishlist module — exercises the full
NestJS request pipeline (JWT guard, ValidationPipe, controller, service)
with Prisma fully mocked. Mirrors the contract used by the frontend.","9","returns 200 + merged products on POST /wishlist/merge","","2026-10-02","passed","2026-10-02","","Wishlist HTTP integration","",""
"","177","renders the five EDPB-required columns for a category","CookieDisclosureTable","2026-10-02","passed","2026-10-02","cookie-disclosure-table","web/components/shared","",""
"","2","redacts jwtToken field","","2026-10-02","passed","2026-10-02","","sanitizeForLog","",""
"","1","script-src does NOT contain 'unsafe-inline' when nonce is provided","buildContentSecurityPolicy — with nonce","2026-10-02","passed","2026-10-02","security-headers","web/lib","",""
"","0","can add a product to cart from the shop page","Desktop Chrome","2026-10-02","skipped","2026-10-02","Add to cart → Checkout flow","checkout-flow.spec.ts","",""
"","149","shows strength error and does not call API when new password has no uppercase letter","ResetPasswordForm — password strength validation","2026-10-02","passed","2026-10-02","reset-password-form","web/app/locale","",""
"","30","renders the cart summary panel alongside the items","CartPageContent — with items","2026-10-02","passed","2026-10-02","cart-page-content","web/app/locale","",""
"HTTP-level integration test for the Reviews module.

Bootstraps a real Nest application with the same global pipes as production
(ValidationPipe with whitelist/transform), then exercises the REST endpoints
via supertest. This covers the entire flow that broke in browser:
- Content-Type parsing
- DTO validation (rating bounds, types, optional fields)
- JWT guard
- Verified-purchase guard
- Successful creation with empty/missing comment (stars only)

Prisma is fully mocked — no database required.","337","returns 401 when no Authorization header","","2026-10-02","passed","2026-10-02","","Reviews HTTP integration","",""
"","7","contains 19 entries covering US 4–13 in 0.5 increments","RING_SIZES table integrity","2026-10-02","passed","2026-10-02","ring-sizes","web/lib/__tests__","",""
"HTTP-level integration test for the Reviews module.

Bootstraps a real Nest application with the same global pipes as production
(ValidationPipe with whitelist/transform), then exercises the REST endpoints
via supertest. This covers the entire flow that broke in browser:
- Content-Type parsing
- DTO validation (rating bounds, types, optional fields)
- JWT guard
- Verified-purchase guard
- Successful creation with empty/missing comment (stars only)

Prisma is fully mocked — no database required.","12","creates review with rating=4 and no comment (stars only)","","2026-10-02","passed","2026-10-02","","Reviews HTTP integration","",""
"","288","returns FRONTEND_URL env when set","","2026-10-02","passed","2026-10-02","","getFrontendUrl","",""
"","3","passes undefined image to Klaviyo when the product has no gallery","ProductViewTracker — dispatches to every consented channel","2026-10-02","passed","2026-10-02","product-view-tracker","web/app/locale","",""
"","18","marks the active system button as pressed","ProductDimensions — measurement toggle","2026-10-02","passed","2026-10-02","product-dimensions","web/app/locale","",""
"","9","returns false / null by default","useIsExpressCheckout / useExpressItem","2026-10-02","passed","2026-10-02","cart.store","web/store/__tests__","",""
"","3","returns an empty string for an empty params object (no leading ?)","toQueryString()","2026-10-02","passed","2026-10-02","query-string","web/lib/api","",""
"","6","allows PAID → PROCESSING when admin starts packing or production","","2026-10-02","passed","2026-10-02","allowed transitions (happy path)","isValidOrderStatusTransition","",""
"","5","trackFbViewContent sends ViewContent with product data","fbq analytics helpers","2026-10-02","passed","2026-10-02","fbq","web/lib/analytics","",""
"","1","returns empty string when all arguments are falsy","cn()","2026-10-02","passed","2026-10-02","utils","web/lib/__tests__","",""
"","1","has the correct error name for instanceof checks","ApiError","2026-10-02","passed","2026-10-02","client","web/lib/api","",""
"","2","reads selectedCategory from the categorySlug param","useCatalogFilters — derived state from URL params","2026-10-02","passed","2026-10-02","use-catalog-filters","web/app/locale","",""
"","6","returns 400 for invalid email ""@nodomain.com""","","2026-10-02","passed","2026-10-02","POST /api/newsletter/subscribe","Newsletter HTTP integration (double opt-in)","",""
"","6","fetchAdminOrderById passes the id in the URL and bearer token","orders API — admin list & detail","2026-10-02","passed","2026-10-02","orders","web/lib/api","",""
"","7","leaves URLs without sensitive params untouched","","2026-10-02","passed","2026-10-02","","redactSensitiveQueryParams","",""
"","16","renders the ""ringSizing"" question text","FaqPage — content + structure","2026-10-02","passed","2026-10-02","page","web/app/[locale]/faq","",""
"","3","redacts sensitive values: /reset?code=xyz → /reset?code=[REDACTED]","","2026-10-02","passed","2026-10-02","","redactSensitiveQueryParams","",""
"","317","delegates to CategoriesService.findAll and returns the result","","2026-10-02","passed","2026-10-02","findAll","CategoriesController","",""
"","15","renders a persistent ""You are opted out"" label once opted out","DoNotSellLink","2026-10-02","passed","2026-10-02","do-not-sell-link","web/components/shared","",""
"","1","switches from metric back to imperial","useMeasurementStore — setMeasurementSystem","2026-10-02","passed","2026-10-02","measurement.store","web/store/__tests__","",""
"","12","throws NotFoundException when slug does not exist","","2026-10-02","passed","2026-10-02","findOneBySlug","ProductsService","",""
"","2","accepts stock = 1 with productionDays omitted","","2026-10-02","passed","2026-10-02","","CreateProductDto productionDays cross-field validation","",""
"","99","renders profile card with email, joined date, total orders, lifetime value","CustomerDetail","2026-10-02","passed","2026-10-02","customer-detail","web/app/locale","",""
"","6","purchaseAdminShippingLabel POSTs payload to /orders/:id/label with auth","admin-shipping API","2026-10-02","passed","2026-10-02","admin-shipping","web/lib/api","",""
"","3","exports edge runtime","twitter-image","2026-10-02","passed","2026-10-02","twitter-image","web/app/__tests__","",""
"","22","renders one <li> per statusHistory entry with a <time> datetime","StatusTimeline","2026-10-02","passed","2026-10-02","pure-cards","web/admin/orders","",""
"","65","shows $0.00 total when cart is empty","CartSummary — empty cart","2026-10-02","passed","2026-10-02","cart-summary","web/app/locale","",""
"","347","accepts quantity = 1","","2026-10-02","passed","2026-10-02","","OrderItemDto quantity validation","",""
"","4","throws UnauthorizedException when the token record does not exist","","2026-10-02","passed","2026-10-02","refreshTokens","AuthService","",""
"","86","disables ""Add new address"" when 5 addresses exist","AddressesManager","2026-10-02","passed","2026-10-02","addresses-manager","web/app/locale","",""
"","3","delegates to ProductsService.remove with the slug param","","2026-10-02","passed","2026-10-02","remove","ProductsController","",""
"","6","updates payment to FAILED and order to CANCELLED","","2026-10-02","passed","2026-10-02","handlePaymentIntentFailed","StripeWebhooksService","",""
"","2","changePassword PATCHes /change-password with both passwords","auth API","2026-10-02","passed","2026-10-02","auth","web/lib/api","",""
"","4","caps percentage discount at subtotal (100% off cannot exceed cart)","","2026-10-02","passed","2026-10-02","computeDiscountAmountCents()","DiscountsService","",""
"HTTP-level integration test for the Reviews module.

Bootstraps a real Nest application with the same global pipes as production
(ValidationPipe with whitelist/transform), then exercises the REST endpoints
via supertest. This covers the entire flow that broke in browser:
- Content-Type parsing
- DTO validation (rating bounds, types, optional fields)
- JWT guard
- Verified-purchase guard
- Successful creation with empty/missing comment (stars only)

Prisma is fully mocked — no database required.","15","returns canReview=false when user has already reviewed","","2026-10-02","passed","2026-10-02","","Reviews HTTP integration","",""
"","536","/en/search returns 200 with no console errors","Desktop Chrome","2026-10-02","failed","2026-10-02","Pre-launch smoke — every public page","pre-launch-smoke.spec.ts","",""
"","702","theme preference is stored in localStorage","Desktop Chrome","2026-10-02","passed","2026-10-02","Theme switching","theme.spec.ts","",""
"","353","forwards rawBody (decoded as utf8) + signature header to handleWebhook","","2026-10-02","passed","2026-10-02","","ShippingWebhooksController","",""
"","1","maps /admin/products/:slug/edit to products/edit","getHelpSlugForPath — products","2026-10-02","passed","2026-10-02","path-to-help-slug","web/lib/admin-help","",""
"","4","sends one email per wishlist subscriber with the product image","","2026-10-02","passed","2026-10-02","","BackInStockService","",""
"","2","trackAddToCart sends add_to_cart event with quantity","gtag analytics helpers","2026-10-02","passed","2026-10-02","gtag","web/lib/analytics","",""
"","9","shows line total (price × quantity)","ConfirmationOrderItems","2026-10-02","passed","2026-10-02","confirmation-order-items","web/app/locale","",""
"","3","returns already-confirmed when the server reports the email is already on the list","newsletter API","2026-10-02","passed","2026-10-02","newsletter","web/lib/api","",""
"","7","returns a Stripe promise when the publishable key is configured","getStripePromise","2026-10-02","passed","2026-10-02","","","",""
"","1","rejects an invalid email format","checkoutAddressSchema","2026-10-02","passed","2026-10-02","checkout-address-schema","web/app/locale","",""
"","16","shows the ""made on demand"" badge with production days when stock = 0","ProductCard","2026-10-02","passed","2026-10-02","product-card","web/components/features","",""
"","23","throws BadRequest when delivery min > delivery max","","2026-10-02","passed","2026-10-02","updateSettings()","SiteSettingsService","",""
"","1","is an instance of ApiError","ApiError","2026-10-02","passed","2026-10-02","client","web/lib/api","",""
"","10","renders a product image when the snapshot has one","ConfirmationOrderItems","2026-10-02","passed","2026-10-02","confirmation-order-items","web/app/locale","",""
"","4","updates product status and returns updated product","","2026-10-02","passed","2026-10-02","updateStatus","AdminProductsController","",""
"","17","propagates InternalServerErrorException when service throws","","2026-10-02","passed","2026-10-02","generatePresignedUrl","UploadController","",""
"","250","renders all 12 section headings","TermsPage — section structure","2026-10-02","passed","2026-10-02","terms-page","web/app/locale","",""
"","54","shows ""Saving…"" label and disables Save while isUpdating=true","TrackingSection","2026-10-02","passed","2026-10-02","tracking-section","web/admin/orders","",""
"","1","includes /care entry for each locale","sitemap","2026-10-02","passed","2026-10-02","sitemap","web/app/__tests__","",""
"","97","changes aria-label to ""Hide password"" after toggling visibility on","RegisterForm — password visibility toggle","2026-10-02","passed","2026-10-02","register-form","web/app/locale","",""
"","2","sets role to null when JWT payload has no role field","useAuthStore","2026-10-02","passed","2026-10-02","auth.store","web/store/__tests__","",""
"","0","script-src still whitelists https://static.klaviyo.com (third-party SDK host)","buildContentSecurityPolicy — with nonce","2026-10-02","passed","2026-10-02","security-headers","web/lib","",""
"","0","falls back to 'unsafe-inline' when no nonce is provided (static-header path)","buildContentSecurityPolicy — without nonce (build-time fallback)","2026-10-02","passed","2026-10-02","security-headers","web/lib","",""
"","16","renders empty state when there are no rows","TopProductsTable","2026-10-02","passed","2026-10-02","top-products-table","web/app/locale","",""
"","5","filters server-side to IN_STOCK + low-stock when lowStockOnly is true","","2026-10-02","passed","2026-10-02","findInventory()","ProductsService","",""
"","1","x-default ALWAYS points to the default locale (en), not the current locale","buildLocaleAlternates","2026-10-02","passed","2026-10-02","alternates","web/lib/seo","",""
"","1","builds full URLs from relative hrefs","generateBreadcrumbJsonLd","2026-10-02","passed","2026-10-02","json-ld","web/lib/seo","",""
"","214","displays the order title","ConfirmationSuccessHeader","2026-10-02","passed","2026-10-02","confirmation-success-header","web/app/locale","",""
"","700","submits updated values to updateAdminProduct","ProductForm (edit)","2026-10-02","passed","2026-10-02","product-form/edit","web/app/locale","",""
"","73","captures IP and User-Agent into the consent row","","2026-10-02","passed","2026-10-02","POST /api/newsletter/subscribe","Newsletter HTTP integration (double opt-in)","",""
"","40","calls onBack when back button is clicked","CheckoutShippingMethodForm","2026-10-02","passed","2026-10-02","checkout-shipping-method-form","web/app/locale","",""
"","4","fetchAdminSiteSettings GETs the admin endpoint with bearer auth","site-settings API","2026-10-02","passed","2026-10-02","site-settings","web/lib/api","",""
"","1","trackFbPurchase sends Purchase with total and product IDs","fbq analytics helpers","2026-10-02","passed","2026-10-02","fbq","web/lib/analytics","",""
"","4","returns null for a non-admin path","getHelpSlugForPath — unknown paths","2026-10-02","passed","2026-10-02","path-to-help-slug","web/lib/admin-help","",""
"","6","computes lifetime value summing revenue-eligible orders minus refunds","","2026-10-02","passed","2026-10-02","findAllCustomers()","UsersService","",""
"","423","renders category options from props","ProductForm (create) — rendering","2026-10-02","passed","2026-10-02","product-form/create","web/app/locale","",""
"","2","logs at warn level for 4xx responses","","2026-10-02","passed","2026-10-02","","RequestLoggerMiddleware","",""
"","4","does not render thumbnails when there is only one image","ProductImageGallery","2026-10-02","passed","2026-10-02","product-image-gallery","web/app/locale","",""
"","6","returns zeros across the board for an empty period","","2026-10-02","passed","2026-10-02","getKeyMetrics","AdminRevenueService","",""
"","286","switches the store to GBP when the GBP option is picked","CurrencySwitcher","2026-10-02","passed","2026-10-02","currency-switcher","web/components/shared","",""
"","44","calls onMaxPriceChange with the new value when the max input changes","PriceFilter — interactions","2026-10-02","passed","2026-10-02","price-filter","web/app/locale","",""
"","1","treats whitespace-only query as empty","highlightMatch()","2026-10-02","passed","2026-10-02","highlight-match","web/lib/search","",""
"","3","searchProducts returns [] for empty/whitespace-only query without hitting the API","products API — public","2026-10-02","passed","2026-10-02","products-admin","web/lib/api","",""
"","17","returns false for every possible target status from REFUNDED","","2026-10-02","passed","2026-10-02","terminal state","isValidOrderStatusTransition","",""
"","24","delegates to ProductsService.findOneBySlug with the slug param","","2026-10-02","passed","2026-10-02","findOne","ProductsController","",""
"","8","throws when STORE_OWNER_EMAIL is missing (no silent fallback)","","2026-10-02","passed","2026-10-02","sendContactMessage()","EmailService","",""
"","737","forgot-password form has email + submit","Desktop Chrome","2026-10-02","passed","2026-10-02","Pre-launch smoke — auth forms render inputs and submit button","pre-launch-smoke.spec.ts","",""
"","3","fetchCategories GETs /api/categories","products API — public","2026-10-02","passed","2026-10-02","products-admin","web/lib/api","",""
"","4","normalises the code to UPPERCASE before persisting","","2026-10-02","passed","2026-10-02","create()","DiscountsService","",""
"","6","passes the paymentRequest to PaymentRequestButtonElement options","CheckoutPaymentRequestButton","2026-10-02","passed","2026-10-02","checkout-payment-request-button","web/app/locale","",""
"","45","renders back to sign in link","ForgotPasswordForm — rendering","2026-10-02","passed","2026-10-02","forgot-password-form","web/app/locale","",""
"","1","every href in /home/runner/work/handmade-jewelry-store/handmade-jewelry-store/apps/web/src/components/shared/mobile-nav.tsx resolves to an existing route","shared navigation — internal links","2026-10-02","passed","2026-10-02","","","",""
"","62","shows dash placeholders when refund metadata is missing on a partial-refund row","AdminRefundsTable — base rendering","2026-10-02","passed","2026-10-02","admin-refunds-table","web/app/locale","",""
"","2","includes method and path in log data","","2026-10-02","passed","2026-10-02","","RequestLoggerMiddleware","",""
"","445","/ru responds with correct <html lang=""ru"">","Desktop Chrome","2026-10-02","passed","2026-10-02","Pre-launch smoke — locale routes","pre-launch-smoke.spec.ts","",""
"","10","skips processing when payment is already FAILED (idempotency)","","2026-10-02","passed","2026-10-02","handlePaymentIntentFailed","StripeWebhooksService","",""
"","4","starts with hasDecided = false","useCookieConsentStore: initial state","2026-10-02","passed","2026-10-02","cookie-consent.store","web/store/__tests__","",""
"HTTP-level integration test for the Reviews module.

Bootstraps a real Nest application with the same global pipes as production
(ValidationPipe with whitelist/transform), then exercises the REST endpoints
via supertest. This covers the entire flow that broke in browser:
- Content-Type parsing
- DTO validation (rating bounds, types, optional fields)
- JWT guard
- Verified-purchase guard
- Successful creation with empty/missing comment (stars only)

Prisma is fully mocked — no database required.","4","queries Prisma to require DELIVERED — REFUNDED alone is not enough","","2026-10-02","passed","2026-10-02","","Reviews HTTP integration","",""
"","171","select-all toggles every product on the current page","AdminProductsTable — bulk selection","2026-10-02","passed","2026-10-02","admin-products-table","web/app/locale","",""
"","7","fetches data with default 30d period on mount","RevenueChart — period selector","2026-10-02","passed","2026-10-02","revenue-chart","web/app/locale","",""
"","11","applies the outline variant class","Button","2026-10-02","passed","2026-10-02","button","web/components/ui","",""
"","3","throws ConflictException when slug already exists","","2026-10-02","passed","2026-10-02","create","CategoriesService","",""
"","0","proceeds to checkout and shows guest/sign-in options","Desktop Chrome","2026-10-02","skipped","2026-10-02","Add to cart → Checkout flow","checkout-flow.spec.ts","",""
"","0","rejects text/plain","upload — isAllowedImageType","2026-10-02","passed","2026-10-02","upload","web/lib/api","",""
"","1","returns the env-configured address, trimmed","getCompanyAddress","2026-10-02","passed","2026-10-02","contact","web/lib/config","",""
"","5","sends review-request email when transitioning to DELIVERED with guest email","","2026-10-02","passed","2026-10-02","updateStatus()","OrdersService","",""
"","19","renders one row per registry entry in the analytics category","CookieDisclosureTable","2026-10-02","passed","2026-10-02","cookie-disclosure-table","web/components/shared","",""
"","24","registerUser POSTs email/password and returns tokens","auth API","2026-10-02","passed","2026-10-02","auth","web/lib/api","",""
"","27","renders each item with product title + quantity + unit price + line total","LineItemsTable","2026-10-02","passed","2026-10-02","pure-cards","web/admin/orders","",""
"","6","filters by price range when minPrice and maxPrice are provided","","2026-10-02","passed","2026-10-02","findAll","ProductsService","",""
"","64","navigates to the confirmation page on success","useSubmitCheckoutOrder()","2026-10-02","passed","2026-10-02","use-submit-checkout-order","web/app/locale","",""
"","10","displays order totals","ConfirmationOrderSummary","2026-10-02","passed","2026-10-02","confirmation-order-summary","web/app/locale","",""
"","2","sets hasDecided to true after saving","useCookieConsentStore: savePreferences","2026-10-02","passed","2026-10-02","cookie-consent.store","web/store/__tests__","",""
"","1","excludes crawl-budget-wasting sort and page query variants","robots","2026-10-02","passed","2026-10-02","robots","web/app/__tests__","",""
"","63","shows empty state message when no orders returned","AdminOrdersTable — rendering","2026-10-02","passed","2026-10-02","admin-orders-table","web/app/locale","",""
"","3","is idempotent — does not re-award when loyaltyPointsEarned already > 0","","2026-10-02","passed","2026-10-02","awardForDelivered","LoyaltyService","",""
"","315","returns empty chart data with zeros when no orders exist","","2026-10-02","passed","2026-10-02","getRevenueStats","AdminRevenueService","",""
"","4","returns null for non-tracker events","","2026-10-02","passed","2026-10-02","parseTrackerEvent","EasypostMockClient","",""
"","408","register form has email + password + submit","Desktop Chrome","2026-10-02","passed","2026-10-02","Pre-launch smoke — auth forms render inputs and submit button","pre-launch-smoke.spec.ts","",""
"","280","renders the title and description","AdminReviewsTable — rendering","2026-10-02","passed","2026-10-02","admin-reviews-table","web/app/locale","",""
"","156","renders the unselected state with ""Add to wishlist"" label","WishlistButton","2026-10-02","passed","2026-10-02","wishlist-button","web/components/features","",""
"","6","uses custom aria-label when provided","StarRating","2026-10-02","passed","2026-10-02","star-rating","web/components/features","",""
"","4","filters out soft-deleted rows","","2026-10-02","passed","2026-10-02","findAll()","DiscountsService","",""
"","5","reuses X-Request-Id from incoming request header","","2026-10-02","passed","2026-10-02","","RequestLoggerMiddleware","",""
"","1","resolves under es/ for spanish","resolveHelpDocPath — valid locale + slug","2026-10-02","passed","2026-10-02","load-help-content","web/lib/admin-help","",""
"","1","maps /admin/categories to categories","getHelpSlugForPath — customers, categories, discounts, settings","2026-10-02","passed","2026-10-02","path-to-help-slug","web/lib/admin-help","",""
"","4","returns valid RSS 2.0 with Google namespace","Google Shopping Feed","2026-10-02","passed","2026-10-02","google-shopping","web/app/feed","",""
"","1","returns the shipping window unchanged when productionDays is 0","calculateOrderEta()","2026-10-02","passed","2026-10-02","format-eta","web/app/locale","",""
"","3","returns FIXED_AMOUNT cents directly when ≤ subtotal","","2026-10-02","passed","2026-10-02","computeDiscountAmountCents()","DiscountsService","",""
"","3","exports edge runtime","locale opengraph-image","2026-10-02","passed","2026-10-02","opengraph-image","web/app/locale","",""
"","4","adds page=5 when target page is 5","buildPageUrl()","2026-10-02","passed","2026-10-02","build-page-url","web/lib/catalog","",""
"","211","renders the CPRA-required link text","DoNotSellLink","2026-10-02","passed","2026-10-02","do-not-sell-link","web/components/shared","",""
"","1","removes a product id","wishlist.store","2026-10-02","passed","2026-10-02","wishlist.store","web/store/__tests__","",""
"","1","rounds to two decimals via Intl.NumberFormat (banker rounding aware)","formatCurrencyPrice","2026-10-02","passed","2026-10-02","formatCurrencyPrice","web/lib/__tests__","",""
"","5","throws NotFound when discount is soft-deleted","","2026-10-02","passed","2026-10-02","findOneById()","DiscountsService","",""
"","90","calls downloadAdminOrdersCsv with empty filters by default","AdminOrdersTable — Export CSV","2026-10-02","passed","2026-10-02","admin-orders-table","web/app/locale","",""
"","1","preferences are preserved after resetting hasDecided","useCookieConsentStore: manual state reset (re-open banner)","2026-10-02","passed","2026-10-02","cookie-consent.store","web/store/__tests__","",""
"","2","uses the regular cart subtotal when no express item","useCheckoutTotalPrice()","2026-10-02","passed","2026-10-02","cart.store","web/store/__tests__","",""
"","40","does not render dialog content when closed","ConfirmDialog — rendering","2026-10-02","passed","2026-10-02","confirm-dialog","web/components/admin","",""
"","16","stays enabled when stock=0 but stockType is IN_STOCK (made on demand)","AddToCartButton — handmade availability rules","2026-10-02","passed","2026-10-02","add-to-cart-button","web/components/features","",""
"","3","returns id, email, name and phone for the caller","","2026-10-02","passed","2026-10-02","getProfile","UsersService","",""
"","114","expands the language accordion when triggered","MobileNav","2026-10-02","passed","2026-10-02","mobile-nav","web/components/shared","",""
"","9","skips review-request when items have no snapshot slug (deleted products)","","2026-10-02","passed","2026-10-02","updateStatus()","OrdersService","",""
"","339","validate() delegates to DiscountsService.validate with the DTO","","2026-10-02","passed","2026-10-02","","DiscountsController (public)","",""
"","10","throws if marketing variant is asked for without unsubscribeUrl","","2026-10-02","passed","2026-10-02","","renderEmailFooter","",""
"","51","shows overdue badge when deadline is in the past","ProductionTable","2026-10-02","passed","2026-10-02","production-table","web/app/locale","",""
"","7","has aria-describedby pointing to the description element","CookieBanner — accessibility","2026-10-02","passed","2026-10-02","cookie-banner","web/components/shared","",""
"","10","does not send shipping notification when guestEmail is absent","","2026-10-02","passed","2026-10-02","updateStatus()","OrdersService","",""
"","1","returns false for nonsense input — protects against tampered localStorage","isDisplayCurrency","2026-10-02","passed","2026-10-02","formatCurrencyPrice","web/lib/__tests__","",""
"","160","calls router.replace with the selected locale when switching language","LanguageSwitcher","2026-10-02","passed","2026-10-02","language-switcher","web/components/shared","",""
"","57","shows the insurance toggle for orders at or above $100","LabelPurchaseSection — insurance offer","2026-10-02","passed","2026-10-02","label-purchase-section","web/app/locale","",""
"","2","uses the message from getResponse() object when the exception body has one","","2026-10-02","passed","2026-10-02","","HttpExceptionFilter.catch()","",""
"","5","POSTs a JSON body containing the short order id and amount to the webhook URL","","2026-10-02","passed","2026-10-02","","SlackNotifierService.sendDisputeAlert","",""
"","2","decodes a valid JWT payload into userId/email/role","decodeAuthUser","2026-10-02","passed","2026-10-02","posthog","web/lib/analytics","",""
"","1","includes /faq entry for each locale","sitemap","2026-10-02","passed","2026-10-02","sitemap","web/app/__tests__","",""
"","1","matches case-insensitively","highlightMatch()","2026-10-02","passed","2026-10-02","highlight-match","web/lib/search","",""
"","9","does not roll back DELIVERED transition when review-request email throws","","2026-10-02","passed","2026-10-02","updateStatus()","OrdersService","",""
"","1","exports correct OG image dimensions — 1200×630","locale opengraph-image","2026-10-02","passed","2026-10-02","opengraph-image","web/app/locale","",""
"","5","returns void without error when email is not registered","","2026-10-02","passed","2026-10-02","forgotPassword","AuthService","",""
"","1","returns canonical /<locale>/faq + 4 hreflang alternates including x-default (#297)","FaqPage — generateMetadata","2026-10-02","passed","2026-10-02","page","web/app/[locale]/faq","",""
"","4","calls prisma with the provided id","","2026-10-02","passed","2026-10-02","findById","UsersService","",""
"","11","renders the ""careBasics"" question text","FaqPage — content + structure","2026-10-02","passed","2026-10-02","page","web/app/[locale]/faq","",""
"","502","renders subject with last 8 chars of orderId uppercased","","2026-10-02","passed","2026-10-02","","buildOrderConfirmationEmail","",""
"","9","applies the destructive variant class","Button","2026-10-02","passed","2026-10-02","button","web/components/ui","",""
"","133","shows My account / My orders / Sign out entries","AccountIconButton — authenticated","2026-10-02","passed","2026-10-02","account-icon-button","web/components/shared","",""
"","4","resolves on a 204 No Content response","contact API","2026-10-02","passed","2026-10-02","contact","web/lib/api","",""
"","0","preserves the order of questions (Google renders them top-to-bottom)","generateFaqJsonLd","2026-10-02","passed","2026-10-02","json-ld","web/lib/seo","",""
"","0","warns when FRONTEND_URL is localhost — likely deploy mistake","","2026-10-02","passed","2026-10-02","","validateRequiredEnv","",""
"","9","throws and logs a single block listing every missing var in production","","2026-10-02","passed","2026-10-02","","assertProductionEnv","",""
"","8","does not render marketing cookies inside the analytics table","CookieDisclosureTable","2026-10-02","passed","2026-10-02","cookie-disclosure-table","web/components/shared","",""
"","1","exports png content type","locale opengraph-image","2026-10-02","passed","2026-10-02","opengraph-image","web/app/locale","",""
"","238","renders the page title heading","TermsPage — metadata","2026-10-02","passed","2026-10-02","terms-page","web/app/locale","",""
"","528","/en/impressum returns 200 with no console errors","Desktop Chrome","2026-10-02","failed","2026-10-02","Pre-launch smoke — every public page","pre-launch-smoke.spec.ts","",""
"","0","does NOT emit HSTS (NODE_ENV=development) — would brick localhost-over-HTTP for 2 years","getSecurityHeaders — non-production environments","2026-10-02","passed","2026-10-02","security-headers","web/lib","",""
"","57","falls back to rate=1 when displayCurrency is missing from the rates map","useFormattedPrice","2026-10-02","passed","2026-10-02","useFormattedPrice","web/hooks","",""
"","75","shows clickable status button for PENDING order (has allowed transitions)","AdminOrdersTable — status transitions","2026-10-02","passed","2026-10-02","admin-orders-table","web/app/locale","",""
"","6","handles mixed types and escaping in one row","","2026-10-02","passed","2026-10-02","","buildCsvRow","",""
"","34","reads filters from the URL searchParams on first render","AdminRefundsTable — filters","2026-10-02","passed","2026-10-02","admin-refunds-table","web/app/locale","",""
"","2","returns 0 for zero / negative subtotals","","2026-10-02","passed","2026-10-02","calculateMaxRedeemablePoints","loyalty math helpers","",""
"","139","shows the API error message when the subscribe call throws","NewsletterForm","2026-10-02","passed","2026-10-02","newsletter-form","web/components/features","",""
"","60","renders the search link pointing to /search","Header","2026-10-02","passed","2026-10-02","header","web/components/shared","",""
"","9","shows free shipping unlocked message","CartSummary — above free shipping threshold ($130)","2026-10-02","passed","2026-10-02","cart-summary","web/app/locale","",""
"","7","returns a single non-match segment when query is empty","highlightMatch()","2026-10-02","passed","2026-10-02","highlight-match","web/lib/search","",""
"","12","delegates to OrdersService.updateStatus with id and DTO","","2026-10-02","passed","2026-10-02","updateStatus()","OrdersController","",""
"","0","script-src still whitelists https://connect.facebook.net (third-party SDK host)","buildContentSecurityPolicy — with nonce","2026-10-02","passed","2026-10-02","security-headers","web/lib","",""
"","6","remove() passes (userId, addressId) to the service","","2026-10-02","passed","2026-10-02","","AddressesController","",""
"","44","renders submit button","ResetPasswordForm — rendering with valid token","2026-10-02","passed","2026-10-02","reset-password-form","web/app/locale","",""
"","8","keeps the canonical USD value on the <data> element for analytics/SEO","DisplayPrice — USD (no conversion)","2026-10-02","passed","2026-10-02","display-price","web/components/shared","",""
"","16","forbids PAID → SHIPPED (must go through PROCESSING first)","","2026-10-02","passed","2026-10-02","forbidden transitions (status skips)","isValidOrderStatusTransition","",""
"","10","database indicator returns { database: { status: ""up"" } } on successful query","","2026-10-02","passed","2026-10-02","checkHealth","HealthController","",""
"","0","rejects a segment containing a slash (path injection)","resolveHelpDocPath — path traversal guard","2026-10-02","passed","2026-10-02","load-help-content","web/lib/admin-help","",""
"","10","marks deletedAt instead of hard delete (preserves order history)","","2026-10-02","passed","2026-10-02","remove()","DiscountsService","",""
"HTTP integration test for the Wishlist module — exercises the full
NestJS request pipeline (JWT guard, ValidationPipe, controller, service)
with Prisma fully mocked. Mirrors the contract used by the frontend.","5","returns 201 + {added: true} on POST /wishlist/:productId for an existing product","","2026-10-02","passed","2026-10-02","","Wishlist HTTP integration","",""
"","2","throws synchronously in production when the key is missing","getStripePromise","2026-10-02","passed","2026-10-02","","","",""
"","197","shows strength error and does not call API when password has no uppercase letter","RegisterForm — password strength validation","2026-10-02","passed","2026-10-02","register-form","web/app/locale","",""
"","1","next.config declares 301 redirects from old /shop URLs (#280)","shared navigation — internal links","2026-10-02","passed","2026-10-02","","","",""
"","260","renders the hamburger toggle button","MobileNav","2026-10-02","passed","2026-10-02","mobile-nav","web/components/shared","",""
"","7","does not throw when Resend returns an error","","2026-10-02","passed","2026-10-02","sendOrderConfirmation()","EmailService","",""
"","1","skips weekends in the combined production+shipping math","calculateOrderEta()","2026-10-02","passed","2026-10-02","format-eta","web/app/locale","",""
"","5","creates category with auto-generated slug from name","","2026-10-02","passed","2026-10-02","create","CategoriesService","",""
"","290","returns plain values untouched","","2026-10-02","passed","2026-10-02","","escapeCsvCell","",""
"","1","renders stats cards with values from /api/admin/stats","Desktop Chrome","2026-10-02","skipped","2026-10-02","Admin flow — dashboard","admin-flow.spec.ts","",""
"","194","renders empty state when no addresses","AddressesManager","2026-10-02","passed","2026-10-02","addresses-manager","web/app/locale","",""
"","2","falls back to a *.local dev address in non-production (never @example.com)","getPrivacyEmail / getSupportEmail / getLegalEmail","2026-10-02","passed","2026-10-02","contact","web/lib/config","",""
"","37","links to the Privacy Policy page","TermsPage — cross-links","2026-10-02","passed","2026-10-02","terms-page","web/app/locale","",""
"","431","renders the nav links on desktop viewport","Desktop Chrome","2026-10-02","passed","2026-10-02","Desktop navigation","navigation.spec.ts","",""
"","1","converts 43.18 cm → 17""","convertLength — imperial system","2026-10-02","passed","2026-10-02","measurementConverter","web/lib/__tests__","",""
"","4","allows same-state writes so admin can update notes without changing status","","2026-10-02","passed","2026-10-02","updateProduction()","OrdersProductionService","",""
"","1","rejects a segment with an extension","resolveHelpDocPath — path traversal guard","2026-10-02","passed","2026-10-02","load-help-content","web/lib/admin-help","",""
"","5","returns empty array when user has no orders","","2026-10-02","passed","2026-10-02","findUserOrders()","OrdersService","",""
"","20","does nothing when there is no express item (regular cart purchase)","ExpressCheckoutCleanup","2026-10-02","passed","2026-10-02","express-checkout-cleanup","web/app/locale","",""
"","718","switches to dark mode when toggle is clicked","Desktop Chrome","2026-10-02","passed","2026-10-02","Theme switching","theme.spec.ts","",""
"","8","reports the error to Sentry on mount","GlobalError","2026-10-02","passed","2026-10-02","global-error","web/app/__tests__","",""
"","1","does not throw when called on an already empty cart","clearCart()","2026-10-02","passed","2026-10-02","cart.store","web/store/__tests__","",""
"","5","leaves discount fields null when no code is provided","","2026-10-02","passed","2026-10-02","create()","OrdersService","",""
"","452","renders the footer with all link groups","Desktop Chrome","2026-10-02","passed","2026-10-02","Desktop navigation","navigation.spec.ts","",""
"","355","stops auto-generating slug after manual edit","ProductForm (create) — slug auto-generation","2026-10-02","passed","2026-10-02","product-form/create","web/app/locale","",""
"","37","calls onImagesChange with publicUrl after successful upload","ProductImageUpload — upload flow","2026-10-02","passed","2026-10-02","product-image-upload","web/app/locale","",""
"","1","redacts sensitive values: /api/orders/x?token=abc → /api/orders/x?token=[REDACTED]","","2026-10-02","passed","2026-10-02","","redactSensitiveQueryParams","",""
"","3","skips DB writes and returns current list when payload is empty","","2026-10-02","passed","2026-10-02","mergeGuestWishlist","WishlistService","",""
"","412","has a skip to main content link for accessibility","Desktop Chrome","2026-10-02","passed","2026-10-02","Homepage","homepage.spec.ts","",""
"","10","applies the lg size class","Button","2026-10-02","passed","2026-10-02","button","web/components/ui","",""
"","2","trackProductAddedToCart computes line_value_usd from price × quantity","PostHog event helpers","2026-10-02","passed","2026-10-02","posthog","web/lib/analytics","",""
"","255","disables Submit until a rating is selected (rating=0 case)","ReviewForm","2026-10-02","passed","2026-10-02","review-form","web/components/features","",""
"","21","shows progress bar at 100%","CartSummary — above free shipping threshold ($130)","2026-10-02","passed","2026-10-02","cart-summary","web/app/locale","",""
"","5","redirects to confirmation page after successful payment via native pay","usePaymentRequest","2026-10-02","passed","2026-10-02","use-payment-request","web/app/locale","",""
"","195","renders a button","ThemeToggle — light mode","2026-10-02","passed","2026-10-02","theme-toggle","web/components/shared","",""
"","6","sends email verification (not welcome) after creating a new user","","2026-10-02","passed","2026-10-02","register","AuthService","",""
"","40","renders the handmade process section","AboutPage — structure","2026-10-02","passed","2026-10-02","about-page","web/app/locale","",""
"","1","respects the locale argument for date formatting","formatLatestDeliveryDate()","2026-10-02","passed","2026-10-02","format-eta","web/app/locale","",""
"","1","trackSignUp sends sign_up event with method","gtag analytics helpers","2026-10-02","passed","2026-10-02","gtag","web/lib/analytics","",""
"","6","renders both the wishlist + add-to-cart action buttons","ProductCard","2026-10-02","passed","2026-10-02","product-card","web/components/features","",""
"","67","uses localized fallback labels when none are passed","ConfirmDialog — rendering","2026-10-02","passed","2026-10-02","confirm-dialog","web/components/admin","",""
"","4","loginUser POSTs to /login with credentials","auth API","2026-10-02","passed","2026-10-02","auth","web/lib/api","",""
"","254","delegates to ProductsService.findAll with query params","","2026-10-02","passed","2026-10-02","findAll","ProductsController","",""
"","60","opens the drawer when the button is clicked","HelpButton — click","2026-10-02","passed","2026-10-02","help-button","web/components/admin","",""
"","34","renders validation error message when provided","ProductImageUpload — rendering","2026-10-02","passed","2026-10-02","product-image-upload","web/app/locale","",""
"","1","drops null values","cn()","2026-10-02","passed","2026-10-02","utils","web/lib/__tests__","",""
"","5","forbids backwards transition (READY_TO_SHIP → QUEUED)","","2026-10-02","passed","2026-10-02","updateProduction()","OrdersProductionService","",""
"","1","klaviyoPlacedOrder pushes Placed Order with order_id","klaviyo analytics helpers","2026-10-02","passed","2026-10-02","klaviyo","web/lib/analytics","",""
"","45","updates aria-current after thumbnail click","ProductImageGallery","2026-10-02","passed","2026-10-02","product-image-gallery","web/app/locale","",""
"","658","navigates to /ru when Russian is selected from the dropdown","Desktop Chrome","2026-10-02","passed","2026-10-02","Language switching","language.spec.ts","",""
"","26","shows the label download link instead of the purchase form when labelUrl is set","LabelPurchaseSection — post-purchase view","2026-10-02","passed","2026-10-02","label-purchase-section","web/app/locale","",""
"","24","mentions buy-now-pay-later options (Klarna, Afterpay)","TermsPage — payment and legal","2026-10-02","passed","2026-10-02","terms-page","web/app/locale","",""
"","3","throws ConflictException when category has linked products","","2026-10-02","passed","2026-10-02","remove","CategoriesService","",""
"","48","calls requestPresignedUrl then uploadFileToS3 for valid file","ProductImageUpload — upload flow","2026-10-02","passed","2026-10-02","product-image-upload","web/app/locale","",""
"","1","maps /admin/inventory to products/inventory","getHelpSlugForPath — products","2026-10-02","passed","2026-10-02","path-to-help-slug","web/lib/admin-help","",""
"","28","renders the empty state when products is an empty array","ProductGrid","2026-10-02","passed","2026-10-02","product-grid","web/components/features","",""
"","276","exposes the mock client as non-live by default","","2026-10-02","passed","2026-10-02","getStatus","ShippingService","",""
"","66","shows success toast after password update","ChangePasswordForm","2026-10-02","passed","2026-10-02","change-password-form","web/app/locale","",""
"","2","leaves non-sensitive fields unchanged","","2026-10-02","passed","2026-10-02","","sanitizeForLog","",""
"","248","renders the modal title with the last 8 chars of the orderId uppercased","RefundOrderModal","2026-10-02","passed","2026-10-02","refund-order-modal","web/app/locale","",""
"","6","renders a span instead of a link when href is null","PaginationArrowButton — disabled (href is null)","2026-10-02","passed","2026-10-02","pagination-arrow-button","web/app/locale","",""
"","260","Delete opens confirmation dialog without calling the API yet","AdminProductsTable — bulk actions","2026-10-02","passed","2026-10-02","admin-products-table","web/app/locale","",""
"","1","sets OutOfStock availability when stock is 0","generateProductJsonLd","2026-10-02","passed","2026-10-02","json-ld","web/lib/seo","",""
"","305","writes the status code from the exception","","2026-10-02","passed","2026-10-02","","HttpExceptionFilter.catch()","",""
"","3","does not promote when default deleted and no other addresses remain","","2026-10-02","passed","2026-10-02","remove","AddressesService","",""
"","5","only allows PARTIALLY_REFUNDED → REFUNDED (top-up follow-up refund, #170)","","2026-10-02","passed","2026-10-02","terminal state","isValidOrderStatusTransition","",""
"","4","returns empty array when no categories exist","","2026-10-02","passed","2026-10-02","findAll","CategoriesService","",""
"","0","rejects","upload — isAllowedImageType","2026-10-02","passed","2026-10-02","upload","web/lib/api","",""
"","320","returns a bcrypt hash string starting with $2b$","","2026-10-02","passed","2026-10-02","","hashPasswordForSeed","",""
"","2","counts each product as 1 (quantity is hard-capped at 1)","useCartTotalItems()","2026-10-02","passed","2026-10-02","cart.store","web/store/__tests__","",""
"","171","renders the filters button","CatalogFiltersMobile — trigger button","2026-10-02","passed","2026-10-02","catalog-filters-mobile","web/app/locale","",""
"","2","returns false when no filters are set","useCatalogFilters — hasActiveFilters","2026-10-02","passed","2026-10-02","use-catalog-filters","web/app/locale","",""
"","4","throws ServiceUnavailableException when NODE_ENV=production and client is dry-run (regression: #281)","","2026-10-02","passed","2026-10-02","purchaseLabel production dry-run guard","ShippingService","",""
"","41","renders GFM tables via remarkGfm","MarkdownRenderer","2026-10-02","passed","2026-10-02","markdown-renderer","web/components/admin","",""
"","16","omits the entire tracking block when trackingNumber is absent","","2026-10-02","passed","2026-10-02","","buildShippingNotificationEmail","",""
"","5","skips ON_HOLD transition when order is already in a terminal state (REFUNDED)","","2026-10-02","passed","2026-10-02","handleChargeDisputeCreated","StripeWebhooksService","",""
"","26","shows createdAt_desc as selected when sortValue is ""createdAt_desc""","SortFilter — rendering","2026-10-02","passed","2026-10-02","sort-filter","web/app/locale","",""
"","8","renders the password input as type=""password"" by default","LoginForm — rendering","2026-10-02","passed","2026-10-02","login-form","web/app/locale","",""
"","479","/en/account returns 200 with no console errors","Desktop Chrome","2026-10-02","failed","2026-10-02","Pre-launch smoke — every public page","pre-launch-smoke.spec.ts","",""
"","7","dispatches payment_intent.payment_failed","","2026-10-02","passed","2026-10-02","","StripeWebhooksController","",""
"","4","fires both Slack + email alerts with the dispute payload","","2026-10-02","passed","2026-10-02","handleChargeDisputeCreated","StripeWebhooksService","",""
"","1","treats whitespace-only keys as missing","getStripePromise","2026-10-02","passed","2026-10-02","","","",""
"","2","applies the from-date filter to refundedAt","","2026-10-02","passed","2026-10-02","findAllRefunds()","OrdersRefundsService","",""
"","173","renders the page title and subtitle from i18n","FaqPage — content + structure","2026-10-02","passed","2026-10-02","page","web/app/[locale]/faq","",""
"","3","does not double-attempt for an unsupported locale (returns null)","loadHelpContent — fallback to en","2026-10-02","passed","2026-10-02","load-help-content","web/lib/admin-help","",""
"","18","applies additional className passed via props","Button","2026-10-02","passed","2026-10-02","button","web/components/ui","",""
"","18","propagates service error when findAllAdmin throws","","2026-10-02","passed","2026-10-02","findAll","AdminProductsController","",""
"","1","converts a standard necklace length: 45.72 cm → 18""","convertLength — imperial system","2026-10-02","passed","2026-10-02","measurementConverter","web/lib/__tests__","",""
"","11","shows FREE label when shippingCost is 0","CheckoutOrderSummary","2026-10-02","passed","2026-10-02","checkout-order-summary","web/app/locale","",""
"","207","displays the payment failed heading","PaymentFailedContent — payment failed","2026-10-02","passed","2026-10-02","payment-failed-content","web/app/locale","",""
"","10","ignores `?` while focus is inside an INPUT","HelpButton — `?` keyboard shortcut","2026-10-02","passed","2026-10-02","help-button","web/components/admin","",""
"","438","displays EN flag and code in the desktop language switcher","Desktop Chrome","2026-10-02","passed","2026-10-02","Language switching","language.spec.ts","",""
"","3","disconnects the product when wishlist exists","","2026-10-02","passed","2026-10-02","removeFromWishlist","WishlistService","",""
"","6","delete action: deleteMany removes products by id","","2026-10-02","passed","2026-10-02","bulkAction()","ProductsService","",""
"","21","returns canReview=false when user has already reviewed","","2026-10-02","passed","2026-10-02","checkReviewEligibility","ReviewsService","",""
"","3","replyToAdminReview POSTs to /reply with the reply text","reviews API — admin","2026-10-02","passed","2026-10-02","reviews","web/lib/api","",""
"","3","calls $disconnect when onModuleDestroy is invoked","","2026-10-02","passed","2026-10-02","","PrismaService","",""
"","1256","findOne() delegates to SiteSettingsService.getSettings","","2026-10-02","passed","2026-10-02","","SiteSettingsController (public)","",""
"","3","returns orders for the given userId, newest first, with items","","2026-10-02","passed","2026-10-02","findUserOrders()","OrdersService","",""
"","3","includes /contact entry for each locale","sitemap","2026-10-02","passed","2026-10-02","sitemap","web/app/__tests__","",""
"","7","renders nothing when categories list is empty","CategoryFilter — rendering","2026-10-02","passed","2026-10-02","category-filter","web/app/locale","",""
"","227","renders retry button that calls reset","LocaleError boundary (root /[locale]/error.tsx)","2026-10-02","passed","2026-10-02","error","web/app/locale","",""
"","1036","creates an order with PENDING status and status history entry","","2026-10-02","passed","2026-10-02","create()","OrdersService","",""
"","2","updateAdminOrderStatus PATCHes /status with body and auth","orders API — admin mutations","2026-10-02","passed","2026-10-02","orders","web/lib/api","",""
"","4","rejects malformed JSON bodies","","2026-10-02","passed","2026-10-02","handleWebhook","ShippingService","",""
"","2","wraps values containing a comma in double quotes","","2026-10-02","passed","2026-10-02","","escapeCsvCell","",""
"","2","includes aggregateRating when avgRating > 0","generateProductJsonLd","2026-10-02","passed","2026-10-02","json-ld","web/lib/seo","",""
"","1","rejects image/gif","upload — isAllowedImageType","2026-10-02","passed","2026-10-02","upload","web/lib/api","",""
"","3","fetchAdminRefunds passes filters through URLSearchParams","orders API — refunds & production","2026-10-02","passed","2026-10-02","orders","web/lib/api","",""
"","27","shows ""Exhausted"" badge when usageCount reaches maxUsages","DiscountsTable","2026-10-02","passed","2026-10-02","discounts-table","web/app/locale","",""
"","438","sends an empty website field on real user submission","ContactForm — honeypot","2026-10-02","passed","2026-10-02","contact-form","web/app/locale","",""
"","5","shows ""Calculated at checkout"" in shipping row","CartSummary — below free shipping threshold ($30)","2026-10-02","passed","2026-10-02","cart-summary","web/app/locale","",""
"","16","renders the physical postal address from NEXT_PUBLIC_COMPANY_ADDRESS","TermsPage — payment and legal","2026-10-02","passed","2026-10-02","terms-page","web/app/locale","",""
"","9","escapes commas in product titles (e.g. ""Ring, gold-plated"")","","2026-10-02","passed","2026-10-02","exportToCsv()","ProductsService","",""
"","167","shows strength error when new password has no digit","ResetPasswordForm — password strength validation","2026-10-02","passed","2026-10-02","reset-password-form","web/app/locale","",""
"","8","saves tracking number and carrier and returns updated order","","2026-10-02","passed","2026-10-02","updateTracking","AdminOrdersController","",""
"","68","enables the Purchase button and hides the warning banner in live mode","LabelPurchaseSection — dry-run purchase block","2026-10-02","passed","2026-10-02","label-purchase-section","web/app/locale","",""
"","1","sets user to null (logout)","clearUser()","2026-10-02","passed","2026-10-02","user.store","web/store/__tests__","",""
"","1","returns null when the env var is unset","getImageCdnOrigin","2026-10-02","passed","2026-10-02","image-cdn","web/lib/config","",""
"","9","hides any ""write review"" CTA when authenticated user has not purchased","ReviewsSection","2026-10-02","passed","2026-10-02","reviews-section","web/components/features","",""
"","1","honours per-call defaults when options omit page or limit","","2026-10-02","passed","2026-10-02","","paginate()","",""
"","21","renders the standard shipping line by default","CheckoutOrderSummary","2026-10-02","passed","2026-10-02","checkout-order-summary","web/app/locale","",""
"HTTP-level integration test for the Reviews module.

Bootstraps a real Nest application with the same global pipes as production
(ValidationPipe with whitelist/transform), then exercises the REST endpoints
via supertest. This covers the entire flow that broke in browser:
- Content-Type parsing
- DTO validation (rating bounds, types, optional fields)
- JWT guard
- Verified-purchase guard
- Successful creation with empty/missing comment (stars only)

Prisma is fully mocked — no database required.","10","returns canReview=false when user has not purchased","","2026-10-02","passed","2026-10-02","","Reviews HTTP integration","",""
"","18","renders all 4 process steps","AboutPage — structure","2026-10-02","passed","2026-10-02","about-page","web/app/locale","",""
"","1","removing an absent id is a no-op","wishlist.store","2026-10-02","passed","2026-10-02","wishlist.store","web/store/__tests__","",""
"","589","calls HealthCheckService.check with a database indicator","","2026-10-02","passed","2026-10-02","checkHealth","HealthController","",""
"","8","returns 'queued' on a 202 from Klaviyo","","2026-10-02","passed","2026-10-02","","KlaviyoNewsletterClient","",""
"","4","does not leak full user emails in response","","2026-10-02","passed","2026-10-02","findReviewsForProduct","ReviewsService","",""
"","2","renders the refund amount in the green confirmation color (#22a722)","","2026-10-02","passed","2026-10-02","","buildRefundProcessedEmail","",""
"","6","embeds the exact projectId so swapping projects does not require a code change","MicrosoftClarity","2026-10-02","passed","2026-10-02","microsoft-clarity","web/components/analytics","",""
"","417","shows a validation error and does not call the API for an invalid email","NewsletterForm","2026-10-02","passed","2026-10-02","newsletter-form","web/components/features","",""
"","93","returns false from PARTIALLY_REFUNDED for every status except REFUNDED","","2026-10-02","passed","2026-10-02","terminal state","isValidOrderStatusTransition","",""
"","4","sets the authenticated user profile","setUser()","2026-10-02","passed","2026-10-02","user.store","web/store/__tests__","",""
"","49","Cancel click fires onClose","ConfirmDialog — interaction","2026-10-02","passed","2026-10-02","confirm-dialog","web/components/admin","",""
"","3","throws BadRequest when payment status is not SUCCEEDED or PARTIALLY_REFUNDED","","2026-10-02","passed","2026-10-02","refundOrder()","OrdersRefundsService","",""
"","3","reads minPrice and maxPrice from URL params","useCatalogFilters — derived state from URL params","2026-10-02","passed","2026-10-02","use-catalog-filters","web/app/locale","",""
"","6","deleteAdminProduct DELETEs /api/products/:slug and resolves on 204","products API — admin mutations","2026-10-02","passed","2026-10-02","products-admin","web/lib/api","",""
"","1","SKIPS ApiError 4xx — user/validation errors handled by toast, not Sentry","captureAdminError","2026-10-02","passed","2026-10-02","capture-admin-error","web/lib/sentry","",""
"","11","never emits an @example.com placeholder — that would invalidate the Terms","TermsPage — payment and legal","2026-10-02","passed","2026-10-02","terms-page","web/app/locale","",""
"","1","returns 0 when every item is in stock (productionDays = 0)","findLongestProductionDays()","2026-10-02","passed","2026-10-02","format-eta","web/app/locale","",""
"","2","returns null + warns in development when the key is missing","getStripePromise","2026-10-02","passed","2026-10-02","","","",""
"","73","shows empty state when no reviews match the filters","AdminReviewsTable — rendering","2026-10-02","passed","2026-10-02","admin-reviews-table","web/app/locale","",""
"","1","sets correct @context and @type for FAQPage","generateFaqJsonLd","2026-10-02","passed","2026-10-02","json-ld","web/lib/seo","",""
"","7","is disabled when the disabled prop is passed","Button","2026-10-02","passed","2026-10-02","button","web/components/ui","",""
"","1","rejects unknown statuses","","2026-10-02","passed","2026-10-02","parseTrackerEvent","EasypostMockClient","",""
"","8","shows loading state while data is being fetched","RevenueChart — rendering","2026-10-02","passed","2026-10-02","revenue-chart","web/app/locale","",""
"","1","omits the page param on page 1 to keep / as the canonical URL","buildPageUrl()","2026-10-02","passed","2026-10-02","build-page-url","web/lib/catalog","",""
"","9","marks the span as aria-disabled=""true""","PaginationArrowButton — disabled (href is null)","2026-10-02","passed","2026-10-02","pagination-arrow-button","web/app/locale","",""
"","99","shows the Clear filters button when at least one filter is active","AdminRefundsTable — filters","2026-10-02","passed","2026-10-02","admin-refunds-table","web/app/locale","",""
"","2","extracts USER role from JWT payload","useAuthStore","2026-10-02","passed","2026-10-02","auth.store","web/store/__tests__","",""
"","10","updateProductStatus PATCHes /:id/status with new status","products API — admin mutations","2026-10-02","passed","2026-10-02","products-admin","web/lib/api","",""
"","19","renders empty state when there are no transactions","LoyaltyOverview","2026-10-02","passed","2026-10-02","loyalty-overview","web/app/locale","",""
"","2","logger.error writes structured JSON to console.error","logger (server-side)","2026-10-02","passed","2026-10-02","logger","web/lib/__tests__","",""
"","59","does not fire onClose while pending (mutation in flight)","ConfirmDialog — interaction","2026-10-02","passed","2026-10-02","confirm-dialog","web/components/admin","",""
"","2","returns true for supported currencies","isDisplayCurrency","2026-10-02","passed","2026-10-02","formatCurrencyPrice","web/lib/__tests__","",""
"","264","renders the logo as a link to the catalog home","Header","2026-10-02","passed","2026-10-02","header","web/components/shared","",""
"","2","renders a partial refund amount exactly (no rounding to full order total)","","2026-10-02","passed","2026-10-02","","buildRefundProcessedEmail","",""
"","2","fires Klaviyo Viewed Product with slug + image for browse-abandonment flow","ProductViewTracker — dispatches to every consented channel","2026-10-02","passed","2026-10-02","product-view-tracker","web/app/locale","",""
"","3","swallows non-2xx responses so the caller webhook can still ack","","2026-10-02","passed","2026-10-02","","SlackNotifierService.sendDisputeAlert","",""
"","1","ImageResponse is constructed with correct size options","locale opengraph-image","2026-10-02","passed","2026-10-02","opengraph-image","web/app/locale","",""
"","3","setDefault() passes (userId, addressId) to the service","","2026-10-02","passed","2026-10-02","","AddressesController","",""
"","5","skips when charge has no payment_intent","","2026-10-02","passed","2026-10-02","handleChargeRefunded","StripeWebhooksService","",""
"","4","uses original file extension in the s3 key","","2026-10-02","passed","2026-10-02","generatePresignedUrl","UploadService","",""
"","3","marks all active rows UNSUBSCRIBED and calls Klaviyo when there was a CONFIRMED row","","2026-10-02","passed","2026-10-02","unsubscribe","NewsletterService","",""
"","1","returns null when above Afterpay maximum ($1000)","calculateInstallmentPreview()","2026-10-02","passed","2026-10-02","installment-preview","web/lib/__tests__","",""
"","11","rejects insurance higher than the order total","","2026-10-02","passed","2026-10-02","purchaseLabel","ShippingService","",""
"","7","throws ConflictException when Stripe returns no client_secret","","2026-10-02","passed","2026-10-02","createPaymentIntent","PaymentsService","",""
"","31","renders children when user is authenticated and has ADMIN role","AdminAuthGuard","2026-10-02","passed","2026-10-02","admin-auth-guard","web/app/locale","",""
"","187","shows ""invalid credentials"" error when API returns 401","LoginForm — error handling","2026-10-02","passed","2026-10-02","login-form","web/app/locale","",""
"","45","calls changePassword API on valid submission","ChangePasswordForm","2026-10-02","passed","2026-10-02","change-password-form","web/app/locale","",""
"","1","drops undefined values","cn()","2026-10-02","passed","2026-10-02","utils","web/lib/__tests__","",""
"","3","accepts image/jpeg","upload — isAllowedImageType","2026-10-02","passed","2026-10-02","upload","web/lib/api","",""
"","27","throws notFound when fetchProductBySlug returns 404","ProductPage — notFound behaviour (regression: #289)","2026-10-02","passed","2026-10-02","page + not-found","web/app/[locale]/products/[slug]","",""
"","2","throws NotFoundException when category does not exist","","2026-10-02","passed","2026-10-02","remove","CategoriesService","",""
"","1","accepts image/png","upload — isAllowedImageType","2026-10-02","passed","2026-10-02","upload","web/lib/api","",""
"","11","returns the product when slug exists","","2026-10-02","passed","2026-10-02","findOneBySlug","ProductsService","",""
"","4","skips processing when payment is already REFUNDED (idempotency)","","2026-10-02","passed","2026-10-02","handleChargeRefunded","StripeWebhooksService","",""
"","6","updateStatus() passes (reviewId, dto) to updateStatusForAdmin","","2026-10-02","passed","2026-10-02","","AdminReviewsController","",""
"","1","leaves isAuthenticated false when accessToken is null in persisted state","useAuthStore","2026-10-02","passed","2026-10-02","auth.store","web/store/__tests__","",""
"","163","renders skeleton while loading","OrderHistoryList","2026-10-02","passed","2026-10-02","order-history-list","web/app/locale","",""
"","0","URL-encodes spaces and special characters in values","toQueryString()","2026-10-02","passed","2026-10-02","query-string","web/lib/api","",""
"","0","rejects a locale with traversal characters","resolveHelpDocPath — unsupported locale","2026-10-02","passed","2026-10-02","load-help-content","web/lib/admin-help","",""
"","4","debits the balance, zeroes loyaltyPointsEarned, writes a REVERSED audit row","","2026-10-02","passed","2026-10-02","reverseForCancellationOrRefund","LoyaltyService","",""
"","3","returns category by id","","2026-10-02","passed","2026-10-02","findOne","AdminCategoriesController","",""
"","12","renders the ""returnsPolicy"" question text","FaqPage — content + structure","2026-10-02","passed","2026-10-02","page","web/app/[locale]/faq","",""
"","0","rejects application/pdf","upload — isAllowedImageType","2026-10-02","passed","2026-10-02","upload","web/lib/api","",""
"","2","uses the userId_productId compound key for upsert uniqueness check","","2026-10-02","passed","2026-10-02","","seedReviews","",""
"","3","ignores when no order matches the trackerId","","2026-10-02","passed","2026-10-02","handleWebhook","ShippingService","",""
"","1","/home/runner/work/handmade-jewelry-store/handmade-jewelry-store/apps/web/src/components/shared/footer.tsx contains no known dead routes","shared navigation — internal links","2026-10-02","passed","2026-10-02","","","",""
"","6","recomputes product avgRating + reviewCount from APPROVED reviews only","","2026-10-02","passed","2026-10-02","updateStatusForAdmin","ReviewsService","",""
"","2","accepts a valid address with all optional fields filled","checkoutAddressSchema","2026-10-02","passed","2026-10-02","checkout-address-schema","web/app/locale","",""
"","4","does only one request when totalPages is 1","fetchAllProducts — pagination helper for sitemap/feed","2026-10-02","passed","2026-10-02","products","web/lib/api","",""
"","128","throws BadRequestException when the token does not match any pending row","","2026-10-02","passed","2026-10-02","confirm","NewsletterService","",""
"","154","flips PENDING → CONFIRMED and forwards to Klaviyo when the token matches","","2026-10-02","passed","2026-10-02","confirm","NewsletterService","",""
"","6","creates paymentRequest with correct country, currency and amount","usePaymentRequest","2026-10-02","passed","2026-10-02","use-payment-request","web/app/locale","",""
"","47","marks the selected star as aria-checked","StarRating","2026-10-02","passed","2026-10-02","star-rating","web/components/features","",""
"","8","emits one Question per rendered Q&A so Google does not flag mismatches","FaqPage — FAQPage JSON-LD (#282 SEO rich results)","2026-10-02","passed","2026-10-02","page","web/app/[locale]/faq","",""
"","1","emits HSTS with 2-year max-age + includeSubDomains + preload","getSecurityHeaders — production-only headers","2026-10-02","passed","2026-10-02","security-headers","web/lib","",""
"","10","does not call prisma.update when the transition is invalid","","2026-10-02","passed","2026-10-02","updateStatus()","OrdersService","",""
"","0","setExpressItem ignores explicit quantity argument and stores 1","expressItem flow","2026-10-02","passed","2026-10-02","cart.store","web/store/__tests__","",""
"","158","disables Save when the textarea is empty (no whitespace-only replies)","AdminReviewsTable — seller reply","2026-10-02","passed","2026-10-02","admin-reviews-table","web/app/locale","",""
"","7","transactional variant omits any unsubscribe link","","2026-10-02","passed","2026-10-02","","renderEmailFooter","",""
"","16","renders all 4 steps","ConfirmationNextSteps","2026-10-02","passed","2026-10-02","confirmation-next-steps","web/app/locale","",""
"","2","throws ConflictException when new slug is taken by another category","","2026-10-02","passed","2026-10-02","update","CategoriesService","",""
"","1","rejects an empty postalCode","checkoutAddressSchema","2026-10-02","passed","2026-10-02","checkout-address-schema","web/app/locale","",""
"","55","renders code, formatted value, usage, and status badge for each discount","DiscountsTable","2026-10-02","passed","2026-10-02","discounts-table","web/app/locale","",""
"","6","prefers header over query when both are provided","","2026-10-02","passed","2026-10-02","createPaymentIntent","PaymentsController","",""
"","95","renders all required form fields (amount, reason select, note)","RefundOrderModal","2026-10-02","passed","2026-10-02","refund-order-modal","web/app/locale","",""
"","134","swallows logoutUser API failure — local state is still cleared and user is navigated","AccountIconButton — authenticated","2026-10-02","passed","2026-10-02","account-icon-button","web/components/shared","",""
"","3","deletes only the specific session token, leaving other sessions intact","","2026-10-02","passed","2026-10-02","logout","AuthService","",""
"","277","fetches /api/admin-help/{locale}/{slug} on open and renders the markdown","HelpDrawer — lazy fetch","2026-10-02","passed","2026-10-02","help-drawer","web/components/admin","",""
"","49","renders a ""Back to Cart"" link","PaymentFailedContent — payment failed","2026-10-02","passed","2026-10-02","payment-failed-content","web/app/locale","",""
"","7","returns the order when the guest presents a valid order-access token","","2026-10-02","passed","2026-10-02","findOneByIdForCaller()","OrdersService","",""
"","47","renders the not-found message on HTTP 404","HelpDrawer — error states","2026-10-02","passed","2026-10-02","help-drawer","web/components/admin","",""
"","1","returns an empty string when the env var is unset (does not throw in prod)","getCompanyAddress","2026-10-02","passed","2026-10-02","contact","web/lib/config","",""
"","28","renders the Stripe PaymentRequestButtonElement","CheckoutPaymentRequestButton","2026-10-02","passed","2026-10-02","checkout-payment-request-button","web/app/locale","",""
"","11","does not show an error message on initial render","RegisterForm — rendering","2026-10-02","passed","2026-10-02","register-form","web/app/locale","",""
"HTTP-level integration test for the Reviews module.

Bootstraps a real Nest application with the same global pipes as production
(ValidationPipe with whitelist/transform), then exercises the REST endpoints
via supertest. This covers the entire flow that broke in browser:
- Content-Type parsing
- DTO validation (rating bounds, types, optional fields)
- JWT guard
- Verified-purchase guard
- Successful creation with empty/missing comment (stars only)

Prisma is fully mocked — no database required.","8","returns 400 when unknown fields are present (forbidNonWhitelisted)","","2026-10-02","passed","2026-10-02","","Reviews HTTP integration","",""
"","59","uses the active locale in the URL (ru example)","HelpDrawer — lazy fetch","2026-10-02","passed","2026-10-02","help-drawer","web/components/admin","",""
"","9","returns only static pages and logs error when API throws (regression: #288)","sitemap","2026-10-02","passed","2026-10-02","sitemap","web/app/__tests__","",""
"","124","stores a hashed token, never the plain one","","2026-10-02","passed","2026-10-02","subscribe","NewsletterService","",""
"","1","splits a typical jewelry price ($150) into 4 × $37.50","calculateInstallmentPreview()","2026-10-02","passed","2026-10-02","installment-preview","web/lib/__tests__","",""
"","9","does not render home link by default","ErrorMessage","2026-10-02","passed","2026-10-02","error-message","web/components/shared","",""
"","19","renders a link to the catalog (home)","EmptyCart","2026-10-02","passed","2026-10-02","empty-cart","web/app/locale","",""
"","1","names are unique across the registry","COOKIE_REGISTRY","2026-10-02","passed","2026-10-02","cookie-registry","web/lib/legal","",""
"","3","skips upsert if all incoming ids are unknown","","2026-10-02","passed","2026-10-02","mergeGuestWishlist","WishlistService","",""
"","53","renders generic error heading","LocaleError boundary (root /[locale]/error.tsx)","2026-10-02","passed","2026-10-02","error","web/app/locale","",""
"","313","throws NotFoundException when product does not exist","","2026-10-02","passed","2026-10-02","createReview","ReviewsService","",""
"","3","dispatches charge.refunded","","2026-10-02","passed","2026-10-02","","StripeWebhooksController","",""
"","44","persists the measurement system choice to the store","ProductDimensions — measurement toggle","2026-10-02","passed","2026-10-02","product-dimensions","web/app/locale","",""
"","23","mentions accepted payment methods including Apple Pay and Google Pay","TermsPage — payment and legal","2026-10-02","passed","2026-10-02","terms-page","web/app/locale","",""
"","57","renders all 3 step numbers","CheckoutSteps","2026-10-02","passed","2026-10-02","checkout-steps","web/app/locale","",""
"","5","routes the message to STORE_OWNER_EMAIL from ConfigService.getOrThrow","","2026-10-02","passed","2026-10-02","sendContactMessage()","EmailService","",""
"","299","calls updateAdminOrderStatus immediately for silent transitions (PENDING → PAID)","AdminOrdersTable — status transitions","2026-10-02","passed","2026-10-02","admin-orders-table","web/app/locale","",""
"","529","/en/ring-size-guide returns 200 with no console errors","Desktop Chrome","2026-10-02","failed","2026-10-02","Pre-launch smoke — every public page","pre-launch-smoke.spec.ts","",""
"","536","/en/about returns 200 with no console errors","Desktop Chrome","2026-10-02","failed","2026-10-02","Pre-launch smoke — every public page","pre-launch-smoke.spec.ts","",""
"","2","returns false in development when the key is missing","isStripeConfigured","2026-10-02","passed","2026-10-02","","","",""
"","3","renders products returned by GET /api/wishlist","Desktop Chrome","2026-10-02","skipped","2026-10-02","Wishlist — authenticated /account/wishlist","reviews-wishlist.spec.ts","",""
"","4","createReview POSTs the payload with bearer token","reviews API — public","2026-10-02","passed","2026-10-02","reviews","web/lib/api","",""
"","3","deleteAdminDiscount DELETEs /:id and resolves on 204","discounts API","2026-10-02","passed","2026-10-02","discounts","web/lib/api","",""
"","36","checks ""All categories"" radio when selectedCategory is empty string","CategoryFilter — selected state","2026-10-02","passed","2026-10-02","category-filter","web/app/locale","",""
"","3","rejects a truncated token","","2026-10-02","passed","2026-10-02","","unsubscribe token","",""
"","1","exports png content type","opengraph-image","2026-10-02","passed","2026-10-02","opengraph-image","web/app/__tests__","",""
"","4","delegates to findOneByIdForCaller passing the JWT-attached user and no token (owner path)","","2026-10-02","passed","2026-10-02","findOne()","OrdersController","",""
"","79","does not save preferences when Back is clicked (store remains undecided)","CookieBanner — customise panel","2026-10-02","passed","2026-10-02","cookie-banner","web/components/shared","",""
"","8","throws NotFoundException when order does not exist","","2026-10-02","passed","2026-10-02","updateProduction()","OrdersProductionService","",""
"","6","renders the max price input with ""To"" placeholder","PriceFilter — rendering","2026-10-02","passed","2026-10-02","price-filter","web/app/locale","",""
"","4","calls Resend with correct recipient and welcome subject","","2026-10-02","passed","2026-10-02","sendWelcome()","EmailService","",""
"","4","creates user and returns only the email (no tokens — must verify first)","","2026-10-02","passed","2026-10-02","register","AuthService","",""
"","431","returns 202 pending-confirmation and does NOT call Klaviyo","","2026-10-02","passed","2026-10-02","POST /api/newsletter/subscribe","Newsletter HTTP integration (double opt-in)","",""
"","4","calls apiClient with POST /api/payments/intent and no auth headers by default","createPaymentIntent","2026-10-02","passed","2026-10-02","payments","web/lib/api","",""
"","5","renders Stripe Elements when clientSecret and orderId are available","CheckoutPaymentForm","2026-10-02","passed","2026-10-02","checkout-payment-form","web/app/locale","",""
"","283","captures payment_succeeded with snake_case properties keyed to distinctId","","2026-10-02","passed","2026-10-02","when POSTHOG_API_KEY is configured","AnalyticsService","",""
"","63","calls onRetry when retry button is clicked","ErrorMessage","2026-10-02","passed","2026-10-02","error-message","web/components/shared","",""
"","2","uses FRONTEND_URL for the Explore CTA when set","","2026-10-02","passed","2026-10-02","","buildWelcomeEmail","",""
"","6","defaults to USD — primary market is US","useCurrencyStore — initial state","2026-10-02","passed","2026-10-02","currency.store","web/store/__tests__","",""
"","62","sends a Resend confirmation email with the plain token","","2026-10-02","passed","2026-10-02","subscribe","NewsletterService","",""
"","449","displays the main navigation links on desktop","Desktop Chrome","2026-10-02","passed","2026-10-02","Homepage","homepage.spec.ts","",""
"","0","script-src still whitelists https://www.googletagmanager.com (third-party SDK host)","buildContentSecurityPolicy — with nonce","2026-10-02","passed","2026-10-02","security-headers","web/lib","",""
"","10","flips isExporting true while the download is in flight","useAdminCsvExport()","2026-10-02","passed","2026-10-02","","","",""
"","15","updateAdminProduct PATCHes /api/products/:slug","products API — admin mutations","2026-10-02","passed","2026-10-02","products-admin","web/lib/api","",""
"","929","cart (/en/cart) has no serious or critical WCAG 2.1 AA violations","Desktop Chrome","2026-10-02","passed","2026-10-02","Axe a11y scan","a11y.spec.ts","",""
"","3","returns NEXT_PUBLIC_SITE_URL when set","getSiteUrl","2026-10-02","passed","2026-10-02","site-url","web/lib/config","",""
"","3","rejects when subtotal is below minOrderCents","","2026-10-02","passed","2026-10-02","validate()","DiscountsService","",""
"","108","renders customer email","AdminOrderDetail — rendering","2026-10-02","passed","2026-10-02","admin-order-detail","web/app/locale","",""
"","1","trackFbAddToCart sends AddToCart with product IDs and total","fbq analytics helpers","2026-10-02","passed","2026-10-02","fbq","web/lib/analytics","",""
"","16","links email to /admin/customers/[id]","CustomersTable","2026-10-02","passed","2026-10-02","customers-table","web/app/locale","",""
"","2","sets sortBy and sortOrder from a combined ""field_order"" string","useCatalogFilters — updateSort()","2026-10-02","passed","2026-10-02","use-catalog-filters","web/app/locale","",""
"","17","fires PostHog order_placed with aggregated item count","OrderPlacedTracker — dispatches conversion to every channel","2026-10-02","passed","2026-10-02","order-placed-tracker","web/app/locale","",""
"","4","fetchAdminOrderStatusBreakdown GETs /status-breakdown","admin analytics API","2026-10-02","passed","2026-10-02","admin","web/lib/api","",""
"","1","does not throw when called on an already unauthenticated state","clearUser()","2026-10-02","passed","2026-10-02","user.store","web/store/__tests__","",""
"","59","shows error when new password is too weak","ChangePasswordForm","2026-10-02","passed","2026-10-02","change-password-form","web/app/locale","",""
"","11","preserves EU consumer right to rely on laws of their country of residence","TermsPage — EU consumer protection carve-outs","2026-10-02","passed","2026-10-02","terms-page","web/app/locale","",""
"","69","renders the Stripe privacy policy link","PrivacyPage — structure","2026-10-02","passed","2026-10-02","privacy-page","web/app/locale","",""
"","180","renders a link to /cart","CartIconButton — empty cart","2026-10-02","passed","2026-10-02","cart-icon-button","web/components/shared","",""
"","664","calls updateAdminOrderTracking with tracking number and carrier on submit","AdminOrderDetail — tracking","2026-10-02","passed","2026-10-02","admin-order-detail","web/app/locale","",""
"","1","keeps multiple different products as separate cart items","addItem()","2026-10-02","passed","2026-10-02","cart.store","web/store/__tests__","",""
"","3","returns the order when found","","2026-10-02","passed","2026-10-02","findOneById()","OrdersService","",""
"","6","propagates NotFoundException when product id does not exist","","2026-10-02","passed","2026-10-02","updateStatus","AdminProductsController","",""
"","5","returns 400 for a forged token","","2026-10-02","passed","2026-10-02","POST /api/newsletter/unsubscribe","Newsletter HTTP integration (double opt-in)","",""
"","3","rejects an expired code (BadRequest so orders.service transaction rolls back)","","2026-10-02","passed","2026-10-02","applyOnOrderCreate()","DiscountsService","",""
"","2","applies the to-date filter to refundedAt","","2026-10-02","passed","2026-10-02","findAllRefunds()","OrdersRefundsService","",""
"","298","passes anonymous caller + null token through to the service","","2026-10-02","passed","2026-10-02","createPaymentIntent","PaymentsController","",""
"","3","silently drops product ids that no longer exist","","2026-10-02","passed","2026-10-02","mergeGuestWishlist","WishlistService","",""
"","31","has role=""alert"" for screen reader announcement","ErrorMessage","2026-10-02","passed","2026-10-02","error-message","web/components/shared","",""
"","1","renders CAD with the CA$ symbol and converts via the rate","formatCurrencyPrice","2026-10-02","passed","2026-10-02","formatCurrencyPrice","web/lib/__tests__","",""
"","2","passes computed skip/take to findMany based on page and limit","","2026-10-02","passed","2026-10-02","","paginate()","",""
"","3","does NOT dispatch when cart is empty (redirect-to-cart edge case)","CheckoutEntry — dispatches checkout-started to every consented channel","2026-10-02","passed","2026-10-02","checkout-entry","web/app/locale","",""
"","1","does not mutate the original object","","2026-10-02","passed","2026-10-02","","sanitizeForLog","",""
"","807","switches back to light mode on second click","Desktop Chrome","2026-10-02","passed","2026-10-02","Theme switching","theme.spec.ts","",""
"","28","does not fire onClick when disabled","Button","2026-10-02","passed","2026-10-02","button","web/components/ui","",""
"","4","does not render the toggle when only weight/beadSize are present (no length fields)","ProductDimensions — rendering","2026-10-02","passed","2026-10-02","product-dimensions","web/app/locale","",""
"","97","renders tracking form with carrier select and tracking number input","AdminOrderDetail — tracking","2026-10-02","passed","2026-10-02","admin-order-detail","web/app/locale","",""
"","36","drops destructive background when confirmVariant=""default""","ConfirmDialog — interaction","2026-10-02","passed","2026-10-02","confirm-dialog","web/components/admin","",""
"","3","renders item title, quantity, and line total in the HTML","","2026-10-02","passed","2026-10-02","","buildOrderConfirmationEmail","",""
"","254","shows message error when message is shorter than 10 characters","ContactForm — client-side validation","2026-10-02","passed","2026-10-02","contact-form","web/app/locale","",""
"","1","throws in production when the env var is only whitespace","getPrivacyEmail / getSupportEmail / getLegalEmail","2026-10-02","passed","2026-10-02","contact","web/lib/config","",""
"","31","discloses every active processor including Sentry, Pinterest, Cloudflare","PrivacyPage — structure","2026-10-02","passed","2026-10-02","privacy-page","web/app/locale","",""
"","1","emits exactly 4 language keys (3 locales + x-default)","buildLocaleAlternates","2026-10-02","passed","2026-10-02","alternates","web/lib/seo","",""
"","79","loads profile and pre-fills the name and phone inputs","ProfileForm","2026-10-02","passed","2026-10-02","profile-form","web/app/locale","",""
"","1","ImageResponse is constructed with the correct size options","opengraph-image","2026-10-02","passed","2026-10-02","opengraph-image","web/app/__tests__","",""
"","28","displays the payment cancelled heading","PaymentFailedContent — payment cancelled","2026-10-02","passed","2026-10-02","payment-failed-content","web/app/locale","",""
"","6","shows estimated delivery text","CheckoutOrderSummary","2026-10-02","passed","2026-10-02","checkout-order-summary","web/app/locale","",""
"","21","renders the Shop CTA link pointing to / (catalog home)","AboutPage — structure","2026-10-02","passed","2026-10-02","about-page","web/app/locale","",""
"","5","delegates to authService.resendVerificationEmail with the email","","2026-10-02","passed","2026-10-02","resend-verification","AuthController","",""
"","503","/en/faq returns 200 with no console errors","Desktop Chrome","2026-10-02","failed","2026-10-02","Pre-launch smoke — every public page","pre-launch-smoke.spec.ts","",""
"","950","account (/en/account) has no serious or critical WCAG 2.1 AA violations","Desktop Chrome","2026-10-02","passed","2026-10-02","Axe a11y scan","a11y.spec.ts","",""
"","72","Confirm click fires onConfirm","ConfirmDialog — interaction","2026-10-02","passed","2026-10-02","confirm-dialog","web/components/admin","",""
"","3","rejects codes that have reached their usage cap","","2026-10-02","passed","2026-10-02","validate()","DiscountsService","",""
"","106","renders all four fields","ContactForm — rendering","2026-10-02","passed","2026-10-02","contact-form","web/app/locale","",""
"","7","propagates BadRequestException from applyOnOrderCreate — no order is created","","2026-10-02","passed","2026-10-02","create()","OrdersService","",""
"","1","all three locales define header.skipToMain","i18n untranslated regression guards (#283)","2026-10-02","passed","2026-10-02","parity","web/i18n","",""
"","3","sets correct @context and @type for Schema.org Product","generateProductJsonLd","2026-10-02","passed","2026-10-02","json-ld","web/lib/seo","",""
"","3","fetchOrderById forwards the order-access token via X-Order-Access-Token header (keeps token out of URLs)","orders API — public","2026-10-02","passed","2026-10-02","orders","web/lib/api","",""
"","15","shows star rating + review count when avgRating > 0","ProductCard","2026-10-02","passed","2026-10-02","product-card","web/components/features","",""
"","298","findAll() forwards the AdminReviewsQueryDto verbatim","","2026-10-02","passed","2026-10-02","","AdminReviewsController","",""
"","5","sends shipping notification email when transitioning to SHIPPED with guest email","","2026-10-02","passed","2026-10-02","updateStatus()","OrdersService","",""
"","31","renders new password and confirm password inputs","ResetPasswordForm — rendering with valid token","2026-10-02","passed","2026-10-02","reset-password-form","web/app/locale","",""
"","11","selects standard shipping by default","CheckoutShippingMethodForm","2026-10-02","passed","2026-10-02","checkout-shipping-method-form","web/app/locale","",""
"","5","does not attempt to shutdown a non-existent client","","2026-10-02","passed","2026-10-02","when POSTHOG_API_KEY is missing","AnalyticsService","",""
"","1","always emits X-Content-Type-Options, X-Frame-Options, Referrer-Policy, Permissions-Policy (NODE_ENV=test)","getSecurityHeaders — baseline (every environment)","2026-10-02","passed","2026-10-02","security-headers","web/lib","",""
"","0","whitelists https://ct.pinterest.com (analytics/payment/error ingest)","buildContentSecurityPolicy — with nonce","2026-10-02","passed","2026-10-02","security-headers","web/lib","",""
"","2","trackProductViewed forwards a snake_case payload","PostHog event helpers","2026-10-02","passed","2026-10-02","posthog","web/lib/analytics","",""
"","4","updateAdminProductStock PATCHes /:id/stock with new stock","products API — admin mutations","2026-10-02","passed","2026-10-02","products-admin","web/lib/api","",""
"","210","passes status filter to fetchAdminOrders when selected","AdminOrdersTable — status filter","2026-10-02","passed","2026-10-02","admin-orders-table","web/app/locale","",""
"","1","ignores the rate argument when targetCurrency is USD","formatCurrencyPrice","2026-10-02","passed","2026-10-02","formatCurrencyPrice","web/lib/__tests__","",""
"","3","does NOT throw in non-production environments even when dry-run","","2026-10-02","passed","2026-10-02","purchaseLabel production dry-run guard","ShippingService","",""
"","1","accepts image/webp","upload — isAllowedImageType","2026-10-02","passed","2026-10-02","upload","web/lib/api","",""
"","3","returns fallback when the API request throws","","2026-10-02","passed","2026-10-02","getExchangeRates — fallback path","CurrencyService","",""
"","47","does not show ""Set as default"" button on already-default address","AddressesManager","2026-10-02","passed","2026-10-02","addresses-manager","web/app/locale","",""
"","15","stays enabled for ONE_OF_A_KIND pieces with stock=0 (re-craftable on demand)","BuyNowButton","2026-10-02","passed","2026-10-02","buy-now-button","web/components/features","",""
"","4","throws NotFound for unknown codes","","2026-10-02","passed","2026-10-02","validate()","DiscountsService","",""
"","2","connects each product to the correct category","","2026-10-02","passed","2026-10-02","","seedProducts","",""
"","8","rejects payloads that fail the signature check","","2026-10-02","passed","2026-10-02","handleWebhook","ShippingService","",""
"","4","every entry has all disclosure fields populated (EDPB Guidelines 03/2022)","COOKIE_REGISTRY","2026-10-02","passed","2026-10-02","cookie-registry","web/lib/legal","",""
"","3","does not redirect when user is ADMIN","AdminAuthGuard","2026-10-02","passed","2026-10-02","admin-auth-guard","web/app/locale","",""
"","5","updateAddress PUTs to /:id","addresses API","2026-10-02","passed","2026-10-02","addresses","web/lib/api","",""
"","221","creates a user with USER role and hashed password","","2026-10-02","passed","2026-10-02","createUser","UsersService","",""
"","1","switches from imperial to metric","useMeasurementStore — setMeasurementSystem","2026-10-02","passed","2026-10-02","measurement.store","web/store/__tests__","",""
"","14","excludes personal injury and negligence from liability limitations","TermsPage — EU consumer protection carve-outs","2026-10-02","passed","2026-10-02","terms-page","web/app/locale","",""
"","5","returns paginated products without status filter when status is omitted","","2026-10-02","passed","2026-10-02","findAllAdmin","ProductsService","",""
"","137","calls onNext with express option after selecting express","CheckoutShippingMethodForm","2026-10-02","passed","2026-10-02","checkout-shipping-method-form","web/app/locale","",""
"","769","queries orders in PAID or PROCESSING status with at least one MADE_TO_ORDER item","","2026-10-02","passed","2026-10-02","findProductionQueue()","OrdersProductionService","",""
"","4","skips when no payment record found for PaymentIntent","","2026-10-02","passed","2026-10-02","handlePaymentIntentSucceeded","StripeWebhooksService","",""
"","449","displays ES flag and code when on the Spanish locale","Desktop Chrome","2026-10-02","passed","2026-10-02","Language switching","language.spec.ts","",""
"","25","fetchAdminCustomers serializes search/page/limit and skips undefined","customers API","2026-10-02","passed","2026-10-02","customers","web/lib/api","",""
"","75","calls onImagesChange with empty array when image is removed","ProductImageUpload — upload flow","2026-10-02","passed","2026-10-02","product-image-upload","web/app/locale","",""
"","1","klaviyoStartedCheckout pushes Started Checkout with items","klaviyo analytics helpers","2026-10-02","passed","2026-10-02","klaviyo","web/lib/analytics","",""
"","18","renders createdAt as an ISO 8601 string","","2026-10-02","passed","2026-10-02","exportToCsv()","OrdersService","",""
"","15","forwards status + date filters to Prisma","","2026-10-02","passed","2026-10-02","exportToCsv()","OrdersService","",""
"","1","klaviyoViewedProduct pushes Viewed Product event","klaviyo analytics helpers","2026-10-02","passed","2026-10-02","klaviyo","web/lib/analytics","",""
"","4","parses a canonical tracker.updated payload into a normalised event","","2026-10-02","passed","2026-10-02","parseTrackerEvent","EasypostMockClient","",""
"","6","rejects an unknown code (BadRequest at order-create, not the 404 the validate endpoint returns)","","2026-10-02","passed","2026-10-02","applyOnOrderCreate()","DiscountsService","",""
"","26","shows length in imperial (inches) by default","ProductDimensions — rendering","2026-10-02","passed","2026-10-02","product-dimensions","web/app/locale","",""
"","0","can remove item from cart","Desktop Chrome","2026-10-02","skipped","2026-10-02","Add to cart → Checkout flow","checkout-flow.spec.ts","",""
"","5","leaves canMakePayment false when browser does not support native pay","usePaymentRequest","2026-10-02","passed","2026-10-02","use-payment-request","web/app/locale","",""
"","25","fetchSiteSettings GETs the public endpoint without auth","site-settings API","2026-10-02","passed","2026-10-02","site-settings","web/lib/api","",""
"","343","pre-fills inputs from API product data","ProductForm (edit)","2026-10-02","passed","2026-10-02","product-form/edit","web/app/locale","",""
"","4","swallows network errors — Slack outages must not block webhook processing","","2026-10-02","passed","2026-10-02","","SlackNotifierService.sendDisputeAlert","",""
"","5","addToWishlist POSTs to /:productId","wishlist API","2026-10-02","passed","2026-10-02","wishlist","web/lib/api","",""
"","227","renders the ""All categories"" radio option","CategoryFilter — rendering","2026-10-02","passed","2026-10-02","category-filter","web/app/locale","",""
"","124","returns true when plain password matches the hash","","2026-10-02","passed","2026-10-02","verifyPassword","UsersService","",""
"","46","calls onPageChange with currentPage + 1 when Next is clicked","AdminPagination","2026-10-02","passed","2026-10-02","","","",""
"","33","fires GA4 add_to_cart with unit price + quantity","AddToCartButton — dispatches add-to-cart to every consented channel","2026-10-02","passed","2026-10-02","add-to-cart-button","web/components/features","",""
"","125","opens the drawer on `?` keypress","HelpButton — `?` keyboard shortcut","2026-10-02","passed","2026-10-02","help-button","web/components/admin","",""
"","205","shows email error when email is invalid on submit","ContactForm — client-side validation","2026-10-02","passed","2026-10-02","contact-form","web/app/locale","",""
"","1","trackPurchase sends purchase event with transaction data","gtag analytics helpers","2026-10-02","passed","2026-10-02","gtag","web/lib/analytics","",""
"","125","renders a link to the product page","CartItemRow — rendering","2026-10-02","passed","2026-10-02","cart-item-row","web/app/locale","",""
"HTTP-level integration test for the Reviews module.

Bootstraps a real Nest application with the same global pipes as production
(ValidationPipe with whitelist/transform), then exercises the REST endpoints
via supertest. This covers the entire flow that broke in browser:
- Content-Type parsing
- DTO validation (rating bounds, types, optional fields)
- JWT guard
- Verified-purchase guard
- Successful creation with empty/missing comment (stars only)

Prisma is fully mocked — no database required.","7","queries Prisma to require DELIVERED — PENDING alone is not enough","","2026-10-02","passed","2026-10-02","","Reviews HTTP integration","",""
"","5","renders the address form (step 1) directly when user is logged in","CheckoutEntry — authenticated user skips the gateway","2026-10-02","passed","2026-10-02","checkout-entry","web/app/locale","",""
"","3","forwards undefined signature when header is absent (service decides reject)","","2026-10-02","passed","2026-10-02","","ShippingWebhooksController","",""
"","16","uses semantic <header> as the top-level container","Header","2026-10-02","passed","2026-10-02","header","web/components/shared","",""
"","3","fetchAdminCustomers omits the ?-prefix when params are empty","customers API","2026-10-02","passed","2026-10-02","customers","web/lib/api","",""
"","340","calls prisma with the provided email","","2026-10-02","passed","2026-10-02","findByEmail","UsersService","",""
"","5","throws NotFoundException when the review does not exist","","2026-10-02","passed","2026-10-02","updateStatusForAdmin","ReviewsService","",""
"","1","fallback is NEVER the previous ""https://example.com"" metadataBase default","getSiteUrl","2026-10-02","passed","2026-10-02","site-url","web/lib/config","",""
"","0","script-src still whitelists https://us-assets.i.posthog.com (third-party SDK host)","buildContentSecurityPolicy — with nonce","2026-10-02","passed","2026-10-02","security-headers","web/lib","",""
"","0","emits the FRONTEND_URL localhost warning in production","","2026-10-02","passed","2026-10-02","","assertProductionEnv","",""
"","663","accepts a well-formed message and returns 204","","2026-10-02","passed","2026-10-02","","ContactController","",""
"","8","en.json and es.json have identical key sets","i18n key parity — all locales share the same shape","2026-10-02","passed","2026-10-02","parity","web/i18n","",""
"","1","enables both analytics and marketing","useCookieConsentStore: acceptAll","2026-10-02","passed","2026-10-02","cookie-consent.store","web/store/__tests__","",""
"","0","can browse shop and see product cards","Desktop Chrome","2026-10-02","skipped","2026-10-02","Add to cart → Checkout flow","checkout-flow.spec.ts","",""
"","33","renders text content for every OrderStatus value (no missing translation)","OrderStatusBadge","2026-10-02","passed","2026-10-02","order-status-badge","web/admin/orders","",""
"","9","returns a single class name unchanged","cn()","2026-10-02","passed","2026-10-02","utils","web/lib/__tests__","",""
"","2","includes url and logo fields","generateOrganizationJsonLd","2026-10-02","passed","2026-10-02","json-ld","web/lib/seo","",""
"","11","displays the ""card was not charged"" subtitle","PaymentFailedContent — payment failed","2026-10-02","passed","2026-10-02","payment-failed-content","web/app/locale","",""
"","141","shows error message when checkout initiation fails","CheckoutPaymentForm","2026-10-02","passed","2026-10-02","checkout-payment-form","web/app/locale","",""
"","1","trackPageView sends page_view event","gtag analytics helpers","2026-10-02","passed","2026-10-02","gtag","web/lib/analytics","",""
"","1020","catalog (/en/products) has no serious or critical WCAG 2.1 AA violations","Desktop Chrome","2026-10-02","passed","2026-10-02","Axe a11y scan","a11y.spec.ts","",""
"","4","returns correct number of data points for each period","","2026-10-02","passed","2026-10-02","getRevenueStats","AdminRevenueService","",""
"","1","exports png content type","apple-icon","2026-10-02","passed","2026-10-02","apple-icon","web/app/__tests__","",""
"","10","does not show an error message on initial render","LoginForm — rendering","2026-10-02","passed","2026-10-02","login-form","web/app/locale","",""
"","3","decrements balance and writes a SPENT audit row","","2026-10-02","passed","2026-10-02","spendForCheckout","LoyaltyService","",""
"","4","throws NotFoundException when product id does not exist","","2026-10-02","passed","2026-10-02","updateStock()","ProductsService","",""
"","3","does nothing when user is unknown (no enumeration)","","2026-10-02","passed","2026-10-02","resendVerificationEmail","AuthService","",""
"","6","fans out N-1 concurrent requests for pages 2..N when totalPages > 1","fetchAllProducts — pagination helper for sitemap/feed","2026-10-02","passed","2026-10-02","products","web/lib/api","",""
"","5","throws BadRequestException if rawBody is missing","","2026-10-02","passed","2026-10-02","","ShippingWebhooksController","",""
"","39","disables confirm independently via confirmDisabled (cancel stays enabled)","ConfirmDialog — interaction","2026-10-02","passed","2026-10-02","confirm-dialog","web/components/admin","",""
"","4","checkEligibility() returns the service eligibility verdict","","2026-10-02","passed","2026-10-02","","ReviewsController","",""
"","36","renders generic heading","ErrorMessage","2026-10-02","passed","2026-10-02","error-message","web/components/shared","",""
"","52","switches the main image when a thumbnail is clicked","ProductImageGallery","2026-10-02","passed","2026-10-02","product-image-gallery","web/app/locale","",""
"","150","renders a row with product title, reviewer email, and star rating aria label","AdminReviewsTable — rendering","2026-10-02","passed","2026-10-02","admin-reviews-table","web/app/locale","",""
"","2","shadows the regular cart with the express item when set","useCheckoutItems()","2026-10-02","passed","2026-10-02","cart.store","web/store/__tests__","",""
"","5","returns 400 for invalid email """"","","2026-10-02","passed","2026-10-02","POST /api/newsletter/subscribe","Newsletter HTTP integration (double opt-in)","",""
"","8","creates non-default address when user already has addresses","","2026-10-02","passed","2026-10-02","create","AddressesService","",""
"","0","does NOT emit Content-Security-Policy — middleware sets it per-request with nonce","getSecurityHeaders — production-only headers","2026-10-02","passed","2026-10-02","security-headers","web/lib","",""
"","3","flips to true once setExpressItem fires","useIsExpressCheckout / useExpressItem","2026-10-02","passed","2026-10-02","cart.store","web/store/__tests__","",""
"","10","purchases a label and persists tracker/label/insurance fields","","2026-10-02","passed","2026-10-02","purchaseLabel","ShippingService","",""
"","30","throws BadRequestException when the transition is invalid","","2026-10-02","passed","2026-10-02","updateStatus()","OrdersService","",""
"","15","renders sidebar placeholder on large screens","ShopLoading skeleton","2026-10-02","passed","2026-10-02","loading","web/app/locale","",""
"","20","reflects the active store value when CAD is selected","CurrencySwitcher","2026-10-02","passed","2026-10-02","currency-switcher","web/components/shared","",""
"","4","returns just the header when there are no data rows","","2026-10-02","passed","2026-10-02","","buildCsvDocument","",""
"","4","computes deadline = createdAt + max(productionDays) across MTO items","","2026-10-02","passed","2026-10-02","findProductionQueue()","OrdersProductionService","",""
"","26","renders the ""shippingTime"" question text","FaqPage — content + structure","2026-10-02","passed","2026-10-02","page","web/app/[locale]/faq","",""
"","537","/en/terms returns 200 with no console errors","Desktop Chrome","2026-10-02","failed","2026-10-02","Pre-launch smoke — every public page","pre-launch-smoke.spec.ts","",""
"","263","shows the bulk action bar with selected count after picking a row","AdminProductsTable — bulk selection","2026-10-02","passed","2026-10-02","admin-products-table","web/app/locale","",""
"","111","renders all 5 sort options","SortFilter — rendering","2026-10-02","passed","2026-10-02","sort-filter","web/app/locale","",""
"","1","returns false for EUR (Phase 2)","isDisplayCurrency","2026-10-02","passed","2026-10-02","formatCurrencyPrice","web/lib/__tests__","",""
"","415","keeps the form visible after a failed API call","ContactForm — error handling","2026-10-02","passed","2026-10-02","contact-form","web/app/locale","",""
"","4","redirects to / when user is not authenticated","AdminAuthGuard","2026-10-02","passed","2026-10-02","admin-auth-guard","web/app/locale","",""
"","3","removeFromWishlist DELETEs /:productId","wishlist API","2026-10-02","passed","2026-10-02","wishlist","web/lib/api","",""
"","287","getStatus() returns the live-mode flag","","2026-10-02","passed","2026-10-02","","AdminShippingController","",""
"","17","publish action: updateMany sets status to ACTIVE for all ids","","2026-10-02","passed","2026-10-02","bulkAction()","ProductsService","",""
"","55","calls setTheme with ""dark"" when clicked in light mode","ThemeToggle — light mode","2026-10-02","passed","2026-10-02","theme-toggle","web/components/shared","",""
"","4","still shows the gateway when the user is NOT authenticated","CheckoutEntry — authenticated user skips the gateway","2026-10-02","passed","2026-10-02","checkout-entry","web/app/locale","",""
"","4","sorts by stock ASC then title ASC","","2026-10-02","passed","2026-10-02","findInventory()","ProductsService","",""
"","3","propagates BadRequestException when status transition is invalid","","2026-10-02","passed","2026-10-02","updateStatus","AdminOrdersController","",""
"","328","identifies the new user in Klaviyo so post-purchase / newsletter flows have a $email tag","RegisterForm — successful registration","2026-10-02","passed","2026-10-02","register-form","web/app/locale","",""
"","215","identifies the user in Klaviyo so win-back / abandoned-cart flows have a $email tag","LoginForm — successful login","2026-10-02","passed","2026-10-02","login-form","web/app/locale","",""
"","2","logoutUser sends the refresh token as bearer auth (not the access token)","auth API","2026-10-02","passed","2026-10-02","auth","web/lib/api","",""
"","0","extends the delivery window by productionDays when made on order","calculateOrderEta()","2026-10-02","passed","2026-10-02","format-eta","web/app/locale","",""
"","398","cart page shows ""Continue shopping"" affordance when empty","Desktop Chrome","2026-10-02","passed","2026-10-02","Pre-launch smoke — empty cart shows CTA back to catalog","pre-launch-smoke.spec.ts","",""
"","1","removes the item when quantity is set to 0","updateQuantity()","2026-10-02","passed","2026-10-02","cart.store","web/store/__tests__","",""
"","18","renders highlighted match marks for the searched term inside product titles","SearchResults","2026-10-02","passed","2026-10-02","search-results","web/app/locale","",""
"","12","updates address owned by the user","","2026-10-02","passed","2026-10-02","update","AddressesService","",""
"","58","clicking the analytics toggle changes its checked state","CookieBanner — customise panel","2026-10-02","passed","2026-10-02","cookie-banner","web/components/shared","",""
"","1","caps at 50% of the subtotal in points","","2026-10-02","passed","2026-10-02","calculateMaxRedeemablePoints","loyalty math helpers","",""
"","14","renders the ""giftWrap"" question text","FaqPage — content + structure","2026-10-02","passed","2026-10-02","page","web/app/[locale]/faq","",""
"","6","falls back to placeholder image when images array is empty","ProductImageGallery","2026-10-02","passed","2026-10-02","product-image-gallery","web/app/locale","",""
"","10","throws BadRequestException when the order status is not PENDING","","2026-10-02","passed","2026-10-02","createPaymentIntent","PaymentsService","",""
"","5","rejects unknown fields (forbidNonWhitelisted)","","2026-10-02","passed","2026-10-02","POST /api/newsletter/subscribe","Newsletter HTTP integration (double opt-in)","",""
"","4","fetchLowStockCount appends threshold to the URL","products API — admin list & detail","2026-10-02","passed","2026-10-02","products-admin","web/lib/api","",""
"","217","renders the hero heading","AboutPage — structure","2026-10-02","passed","2026-10-02","about-page","web/app/locale","",""
"","0","about page declares id=""story"" so /about#story anchor scrolls correctly","shared navigation — internal links","2026-10-02","passed","2026-10-02","","","",""
"","2","ignores non-delivered tracker statuses","","2026-10-02","passed","2026-10-02","handleWebhook","ShippingService","",""
"","3","create() delegates with the CreateDiscountDto","","2026-10-02","passed","2026-10-02","","AdminDiscountsController","",""
"","4","throws NotFound when product does not exist","","2026-10-02","passed","2026-10-02","addToWishlist","WishlistService","",""
"","77","renders all three password fields","ChangePasswordForm","2026-10-02","passed","2026-10-02","change-password-form","web/app/locale","",""
"","259","Clear selection button removes the action bar entirely","AdminProductsTable — bulk selection","2026-10-02","passed","2026-10-02","admin-products-table","web/app/locale","",""
"","5","updates password and revokes all sessions when current password is correct","","2026-10-02","passed","2026-10-02","changePassword","AuthService","",""
"","4","stamps fetchedAt even on failure so the storefront sees a fresh timestamp","","2026-10-02","passed","2026-10-02","caching","CurrencyService","",""
"","4","mergeGuestWishlist POSTs the array of product IDs to /merge","wishlist API","2026-10-02","passed","2026-10-02","wishlist","web/lib/api","",""
"","3","blocks export and reports disabled when accessToken is null","useAdminCsvExport()","2026-10-02","passed","2026-10-02","","","",""
"","22","renders a list item for each cart item","CartPageContent — with items","2026-10-02","passed","2026-10-02","cart-page-content","web/app/locale","",""
"","5","shows FREE label when shipping cost is zero","ConfirmationOrderSummary","2026-10-02","passed","2026-10-02","confirmation-order-summary","web/app/locale","",""
"","1","authenticated + eligible customer sees the ""Write review"" button","Desktop Chrome","2026-10-02","skipped","2026-10-02","Reviews — product page CTA per auth+eligibility","reviews-wishlist.spec.ts","",""
"","174","submits updated name and phone and shows a success toast","ProfileForm","2026-10-02","passed","2026-10-02","profile-form","web/app/locale","",""
"HTTP-level integration test for the Reviews module.

Bootstraps a real Nest application with the same global pipes as production
(ValidationPipe with whitelist/transform), then exercises the REST endpoints
via supertest. This covers the entire flow that broke in browser:
- Content-Type parsing
- DTO validation (rating bounds, types, optional fields)
- JWT guard
- Verified-purchase guard
- Successful creation with empty/missing comment (stars only)

Prisma is fully mocked — no database required.","8","returns 400 when rating is -1","","2026-10-02","passed","2026-10-02","","Reviews HTTP integration","",""
"","21","calls onClick handler when clicked","Button","2026-10-02","passed","2026-10-02","button","web/components/ui","",""
"","30","calls findMany and count concurrently","","2026-10-02","passed","2026-10-02","","paginate()","",""
"","15","states that EU consumers retain statutory rights on custom/personalized items","TermsPage — EU consumer protection carve-outs","2026-10-02","passed","2026-10-02","terms-page","web/app/locale","",""
"","8","does not show the count badge when there are no active filters","CatalogFiltersMobile — trigger button","2026-10-02","passed","2026-10-02","catalog-filters-mobile","web/app/locale","",""
"","1","does nothing when removing a product not in the cart","removeItem()","2026-10-02","passed","2026-10-02","cart.store","web/store/__tests__","",""
"","96","clears inline strength error as soon as user starts typing after a blur error","RegisterForm — password strength validation","2026-10-02","passed","2026-10-02","register-form","web/app/locale","",""
"","7","renders the shipping cost when shippingCost prop is provided","CheckoutOrderSummary","2026-10-02","passed","2026-10-02","checkout-order-summary","web/app/locale","",""
"","95","returns to the default view when ""Back"" is clicked without saving","CookieBanner — customise panel","2026-10-02","passed","2026-10-02","cookie-banner","web/components/shared","",""
"","3","creates category with explicitly provided slug","","2026-10-02","passed","2026-10-02","create","CategoriesService","",""
"","10","propagates service error when AdminService throws","","2026-10-02","passed","2026-10-02","getStats","AdminController","",""
"","4","deletes the product when slug exists","","2026-10-02","passed","2026-10-02","remove","ProductsService","",""
"","2","fires GA4 view_item with id + title + price","ProductViewTracker — dispatches to every consented channel","2026-10-02","passed","2026-10-02","product-view-tracker","web/app/locale","",""
"","0","/home/runner/work/handmade-jewelry-store/handmade-jewelry-store/apps/web/src/components/shared/nav-links.tsx contains no known dead routes","shared navigation — internal links","2026-10-02","passed","2026-10-02","","","",""
"","18","uses a <main> landmark as root element","TermsPage — section structure","2026-10-02","passed","2026-10-02","terms-page","web/app/locale","",""
"","17","returns static entries for all locales when API returns empty data","sitemap","2026-10-02","passed","2026-10-02","sitemap","web/app/__tests__","",""
"","132","closes the menu after selecting a nav link","MobileNav","2026-10-02","passed","2026-10-02","mobile-nav","web/components/shared","",""
"","262","calls $connect when onModuleInit is invoked","","2026-10-02","passed","2026-10-02","","PrismaService","",""
"","3","promotes address to default and resets others","","2026-10-02","passed","2026-10-02","setDefault","AddressesService","",""
"","3","returns { received: true } for unhandled event types","","2026-10-02","passed","2026-10-02","","StripeWebhooksController","",""
"","4","returns a signed accessToken alongside the order (guest confirmation-page reads)","","2026-10-02","passed","2026-10-02","create()","OrdersService","",""
"","6","allows SHIPPED → DELIVERED when customer confirms receipt or 14 days elapse","","2026-10-02","passed","2026-10-02","allowed transitions (happy path)","isValidOrderStatusTransition","",""
"","21","renders all 3 material cards","AboutPage — structure","2026-10-02","passed","2026-10-02","about-page","web/app/locale","",""
"","983","every footer link opens a live page","Desktop Chrome","2026-10-02","passed","2026-10-02","Pre-launch smoke — nav & footer links resolve","pre-launch-smoke.spec.ts","",""
"","26","does not render low-stock badge for items where isLowStock=false","InventoryTable","2026-10-02","passed","2026-10-02","inventory-table","web/app/locale","",""
"","2","redacts accessToken field","","2026-10-02","passed","2026-10-02","","sanitizeForLog","",""
"","511","/en/cart returns 200 with no console errors","Desktop Chrome","2026-10-02","failed","2026-10-02","Pre-launch smoke — every public page","pre-launch-smoke.spec.ts","",""
"","4","exports edge runtime","apple-icon","2026-10-02","passed","2026-10-02","apple-icon","web/app/__tests__","",""
"","6","allows CANCELLED → REFUNDED after Stripe refund executes","","2026-10-02","passed","2026-10-02","allowed transitions (happy path)","isValidOrderStatusTransition","",""
"","2","POSTs the versions and forwards Bearer + x-order-access-token headers","orders API — refunds & production","2026-10-02","passed","2026-10-02","orders","web/lib/api","",""
"","6","clamps loyaltyPointsToRedeem against balance and the 50% subtotal cap","","2026-10-02","passed","2026-10-02","create()","OrdersService","",""
"","9","rejects quantity = 2 on a single line item (handmade pieces are unique)","","2026-10-02","passed","2026-10-02","","OrderItemDto quantity validation","",""
"","135","submit button is disabled when tracking number is empty","AdminOrderDetail — tracking","2026-10-02","passed","2026-10-02","admin-order-detail","web/app/locale","",""
"","291","accepts stock = 0 with productionDays >= 1 (made on order)","","2026-10-02","passed","2026-10-02","","CreateProductDto stock validation","",""
"","156","closes the menu when hamburger is clicked again","MobileNav","2026-10-02","passed","2026-10-02","mobile-nav","web/components/shared","",""
"","8","sets sortBy=avgRating and sortOrder=desc for top-rated sort","useCatalogFilters — updateSort()","2026-10-02","passed","2026-10-02","use-catalog-filters","web/app/locale","",""
"","13","sets accessToken, refreshToken, and isAuthenticated","useAuthStore","2026-10-02","passed","2026-10-02","auth.store","web/store/__tests__","",""
"","42","rejects file exceeding 5MB and shows error badge","ProductImageUpload — file validation","2026-10-02","passed","2026-10-02","product-image-upload","web/app/locale","",""
"","6","allows direct QUEUED → READY_TO_SHIP skip when piece finished immediately","","2026-10-02","passed","2026-10-02","updateProduction()","OrdersProductionService","",""
"","24","forces Do-Not-Sell opt-out when navigator.globalPrivacyControl is true","GpcHonorer","2026-10-02","passed","2026-10-02","gpc-honorer","web/components/shared","",""
"","1","calculates total as subtotal + shippingCost","buildOrderPayload()","2026-10-02","passed","2026-10-02","build-order-payload","web/app/locale","",""
"","0","sets organization name to Senichka","generateOrganizationJsonLd","2026-10-02","passed","2026-10-02","json-ld","web/lib/seo","",""
"","115","upserts admin and test users with correct roles","","2026-10-02","passed","2026-10-02","","seedUsers","",""
"","6","forwards status + rating filters to Prisma with AND-equivalent object spread","","2026-10-02","passed","2026-10-02","findAllForAdmin","ReviewsService","",""
"","28","renders home link when showHomeLink is true","ErrorMessage","2026-10-02","passed","2026-10-02","error-message","web/components/shared","",""
"","27","renders the first image as active on initial load","ProductImageGallery","2026-10-02","passed","2026-10-02","product-image-gallery","web/app/locale","",""
"","1","returns empty data and totalPages=0 when count is zero","","2026-10-02","passed","2026-10-02","","paginate()","",""
"","9","throws InternalServerErrorException when getSignedUrl fails","","2026-10-02","passed","2026-10-02","generatePresignedUrl","UploadService","",""
"","57","calls onCategoryChange with empty string when ""All categories"" is clicked","CategoryFilter — interactions","2026-10-02","passed","2026-10-02","category-filter","web/app/locale","",""
"","4","filters out ADMIN users from the customer roster","","2026-10-02","passed","2026-10-02","findAllCustomers()","UsersService","",""
"","38","acknowledges the 2-year EU legal guarantee on physical goods in the warranties section","TermsPage — EU consumer protection carve-outs","2026-10-02","passed","2026-10-02","terms-page","web/app/locale","",""
"","12","trims surrounding whitespace from the query before matching","","2026-10-02","passed","2026-10-02","searchProducts()","ProductsService","",""
"","3","starts empty","wishlist.store","2026-10-02","passed","2026-10-02","wishlist.store","web/store/__tests__","",""
"","7","runs a dummy bcrypt.compare when user is not found so timing does not leak enumeration","","2026-10-02","passed","2026-10-02","validateUserCredentials","AuthService","",""
"","113","opens an inline textarea on Reply click","AdminReviewsTable — seller reply","2026-10-02","passed","2026-10-02","admin-reviews-table","web/app/locale","",""
"","198","renders the 404 marker, headline, and CTAs back to catalog/search","ProductNotFound — 404 UI","2026-10-02","passed","2026-10-02","page + not-found","web/app/[locale]/products/[slug]","",""
"","1","sets hasDecided to true","useCookieConsentStore: acceptAll","2026-10-02","passed","2026-10-02","cookie-consent.store","web/store/__tests__","",""
"","2","throws UnauthorizedException when credentials are rejected (null user)","","2026-10-02","passed","2026-10-02","","LocalStrategy.validate()","",""
"","98","renders empty state when there are no discounts","DiscountsTable","2026-10-02","passed","2026-10-02","discounts-table","web/app/locale","",""
"","2","rejects stock = 0 with productionDays omitted (undefined)","","2026-10-02","passed","2026-10-02","","CreateProductDto productionDays cross-field validation","",""
"","20","is case-insensitive on the email side","","2026-10-02","passed","2026-10-02","","unsubscribe token","",""
"","4","does NOT emit a WARN log when NODE_ENV is not ""production""","","2026-10-02","passed","2026-10-02","purchaseLabel production warning","EasypostMockClient","",""
"","4","fetchAdminRevenueStats encodes period as query param","admin analytics API","2026-10-02","passed","2026-10-02","admin","web/lib/api","",""
"","1","filters out non-ACTIVE products","Google Shopping Feed","2026-10-02","passed","2026-10-02","google-shopping","web/app/feed","",""
"","149","calls updateAdminOrderStatus when status button is clicked","AdminOrderDetail — status update","2026-10-02","passed","2026-10-02","admin-order-detail","web/app/locale","",""
"","2","returns null for non-object payloads","","2026-10-02","passed","2026-10-02","parseTrackerEvent","EasypostMockClient","",""
"","4","does not render description when not provided","ErrorMessage","2026-10-02","passed","2026-10-02","error-message","web/components/shared","",""
"","4","escapes HTML in the legal name to prevent injection via env misconfig","","2026-10-02","passed","2026-10-02","","renderEmailFooter","",""
"","19","has accessible label containing ""Shopping cart"" when cart is empty","CartIconButton — empty cart","2026-10-02","passed","2026-10-02","cart-icon-button","web/components/shared","",""
"","33","requests limit=100 (API @Max(100) constraint) and not limit=1000 (regression: #288)","fetchAllProducts — pagination helper for sitemap/feed","2026-10-02","passed","2026-10-02","products","web/lib/api","",""
"HTTP integration test for the Wishlist module — exercises the full
NestJS request pipeline (JWT guard, ValidationPipe, controller, service)
with Prisma fully mocked. Mirrors the contract used by the frontend.","5","returns 401 on POST /wishlist/:productId without token","","2026-10-02","passed","2026-10-02","","Wishlist HTTP integration","",""
"","231","re-enables the submit button after a failed request","RegisterForm — error handling","2026-10-02","passed","2026-10-02","register-form","web/app/locale","",""
"","127","renders the aside with accessible label","CheckoutOrderSummary","2026-10-02","passed","2026-10-02","checkout-order-summary","web/app/locale","",""
"","265","issues a token that verifies for the same email","","2026-10-02","passed","2026-10-02","","unsubscribe token","",""
"","16","calls onChange with the clicked star value","StarRating","2026-10-02","passed","2026-10-02","star-rating","web/components/features","",""
"","8","does not show the cart items list when cart is empty","CartPageContent — empty state","2026-10-02","passed","2026-10-02","cart-page-content","web/app/locale","",""
"","3","saves hashed reset token and sends email when user exists","","2026-10-02","passed","2026-10-02","forgotPassword","AuthService","",""
"","0","does NOT contain wildcard scheme "" wss:""","buildContentSecurityPolicy — with nonce","2026-10-02","passed","2026-10-02","security-headers","web/lib","",""
"","233","renders the three top-level links with their hrefs","NavLinks","2026-10-02","passed","2026-10-02","nav-links","web/components/shared","",""
"","0","whitelists https://us.i.posthog.com (analytics/payment/error ingest)","buildContentSecurityPolicy — with nonce","2026-10-02","passed","2026-10-02","security-headers","web/lib","",""
"","3","maps /admin/products to products/overview","getHelpSlugForPath — products","2026-10-02","passed","2026-10-02","path-to-help-slug","web/lib/admin-help","",""
"","4","accepts an order with two different products","","2026-10-02","passed","2026-10-02","","CreateOrderDto unique productIds validation","",""
"","6","throws NotFoundException when product slug does not exist","","2026-10-02","passed","2026-10-02","findReviewsForProduct","ReviewsService","",""
"","281","returns 1 point per whole dollar (floored)","","2026-10-02","passed","2026-10-02","calculatePointsEarnedFromSubtotal","loyalty math helpers","",""
"","5","sends verification email when unverified and last-send > 24h ago (or absent)","","2026-10-02","passed","2026-10-02","resendVerificationEmail","AuthService","",""
"","6","propagates Prisma error when database query fails","","2026-10-02","passed","2026-10-02","getStats","AdminService","",""
"","921","returns paginated products with meta","","2026-10-02","passed","2026-10-02","findAll","ProductsService","",""
"","42","renders the filtered empty state when no refunds match the active filters","AdminRefundsTable — filters","2026-10-02","passed","2026-10-02","admin-refunds-table","web/app/locale","",""
"","3","identifies the user when a JWT access token is present","PostHogAnalytics","2026-10-02","passed","2026-10-02","posthog","web/components/analytics","",""
"","4","calls authService.refreshTokens and re-sets refresh cookie (rotation)","","2026-10-02","passed","2026-10-02","refresh","AuthController","",""
"HTTP-level integration test for the Reviews module.

Bootstraps a real Nest application with the same global pipes as production
(ValidationPipe with whitelist/transform), then exercises the REST endpoints
via supertest. This covers the entire flow that broke in browser:
- Content-Type parsing
- DTO validation (rating bounds, types, optional fields)
- JWT guard
- Verified-purchase guard
- Successful creation with empty/missing comment (stars only)

Prisma is fully mocked — no database required.","6","eligibility endpoint requires JWT","","2026-10-02","passed","2026-10-02","","Reviews HTTP integration","",""
"","12","returns XML with correct content type","Google Shopping Feed","2026-10-02","passed","2026-10-02","google-shopping","web/app/feed","",""
"","8","does not show a numeric count badge when cart is empty","CartIconButton — empty cart","2026-10-02","passed","2026-10-02","cart-icon-button","web/components/shared","",""
"","14","applies the ghost variant class","Button","2026-10-02","passed","2026-10-02","button","web/components/ui","",""
"","4","rejects a password shorter than 8 characters","","2026-10-02","passed","2026-10-02","","RegisterDto password strength validation","",""
"","1","is a no-op when the same product is added twice — never increments past 1","addItem()","2026-10-02","passed","2026-10-02","cart.store","web/store/__tests__","",""
"","1","reads env lazily — every call picks up the current value","getSiteUrl","2026-10-02","passed","2026-10-02","site-url","web/lib/config","",""
"","7","shows the item count badge when there are items","CartIconButton — items in cart","2026-10-02","passed","2026-10-02","cart-icon-button","web/components/shared","",""
"","0","rejects an empty slug array","resolveHelpDocPath — path traversal guard","2026-10-02","passed","2026-10-02","load-help-content","web/lib/admin-help","",""
"","15","throws ForbiddenException when user has not purchased the product","","2026-10-02","passed","2026-10-02","createReview","ReviewsService","",""
"","6","throws NotFoundException when order does not exist","","2026-10-02","passed","2026-10-02","findOneById()","OrdersService","",""
"","3","returns all refunded orders ordered by refundedAt desc when no filters","","2026-10-02","passed","2026-10-02","findAllRefunds()","OrdersRefundsService","",""
"","7","falls back to ?token= query when header is absent","","2026-10-02","passed","2026-10-02","createPaymentIntent","PaymentsController","",""
"","235","renders the historical section headings 1..11","PrivacyPage — structure","2026-10-02","passed","2026-10-02","privacy-page","web/app/locale","",""
"","20","fires PostHog product_added_to_cart with full product payload","AddToCartButton — dispatches add-to-cart to every consented channel","2026-10-02","passed","2026-10-02","add-to-cart-button","web/components/features","",""
"","20","calls fetch with the Bearer token and triggers a download","downloadCsv","2026-10-02","passed","2026-10-02","csv-download","web/lib/api","",""
"","2","defaults sortValue to createdAt_desc when no sort params are set","useCatalogFilters — derived state from URL params","2026-10-02","passed","2026-10-02","use-catalog-filters","web/app/locale","",""
"HTTP-level integration test for the Reviews module.

Bootstraps a real Nest application with the same global pipes as production
(ValidationPipe with whitelist/transform), then exercises the REST endpoints
via supertest. This covers the entire flow that broke in browser:
- Content-Type parsing
- DTO validation (rating bounds, types, optional fields)
- JWT guard
- Verified-purchase guard
- Successful creation with empty/missing comment (stars only)

Prisma is fully mocked — no database required.","7","returns 400 when rating is 6","","2026-10-02","passed","2026-10-02","","Reviews HTTP integration","",""
"","12","transitions the order to ON_HOLD and records the history entry","","2026-10-02","passed","2026-10-02","handleChargeDisputeCreated","StripeWebhooksService","",""
"","402","returns the user when email and password are valid","","2026-10-02","passed","2026-10-02","validateUserCredentials","AuthService","",""
"","0","does NOT contain wildcard scheme "" https:""","buildContentSecurityPolicy — with nonce","2026-10-02","passed","2026-10-02","security-headers","web/lib","",""
"","11","renders address inside <address> element with all lines","ShippingAddressCard","2026-10-02","passed","2026-10-02","pure-cards","web/admin/orders","",""
"","3","upserts a wishlist for the test user with 2 products connected","","2026-10-02","passed","2026-10-02","","seedWishlist","",""
"","13","applies the cta variant class","Button","2026-10-02","passed","2026-10-02","button","web/components/ui","",""
"","18","rejects stock = -1 (negative is meaningless)","","2026-10-02","passed","2026-10-02","","CreateProductDto stock validation","",""
"","31","on stale-token (401) keeps the local change and clears tokens silently","WishlistButton","2026-10-02","passed","2026-10-02","wishlist-button","web/components/features","",""
"","204","renders the banner when the user has not yet decided","CookieBanner — visibility","2026-10-02","passed","2026-10-02","cookie-banner","web/components/shared","",""
"","74","renders refund rows with order id (last 8 chars), customer, amount, reason","AdminRefundsTable — base rendering","2026-10-02","passed","2026-10-02","admin-refunds-table","web/app/locale","",""
"HTTP-level integration test for the Reviews module.

Bootstraps a real Nest application with the same global pipes as production
(ValidationPipe with whitelist/transform), then exercises the REST endpoints
via supertest. This covers the entire flow that broke in browser:
- Content-Type parsing
- DTO validation (rating bounds, types, optional fields)
- JWT guard
- Verified-purchase guard
- Successful creation with empty/missing comment (stars only)

Prisma is fully mocked — no database required.","8","creates review with rating=1 and no comment (stars only)","","2026-10-02","passed","2026-10-02","","Reviews HTTP integration","",""
"","24","runs the download with accessToken and toasts success on resolve","useAdminCsvExport()","2026-10-02","passed","2026-10-02","","","",""
"","5","normalises empty-string social URLs to null","","2026-10-02","passed","2026-10-02","updateSettings()","SiteSettingsService","",""
"","440","closes the sidebar when the toggle is clicked again","Desktop Chrome","2026-10-02","passed","2026-10-02","Mobile navigation","navigation.spec.ts","",""
"","4","resets other defaults when creating with isDefault=true","","2026-10-02","passed","2026-10-02","create","AddressesService","",""
"","1","saves analytics=true, marketing=false correctly","useCookieConsentStore: savePreferences","2026-10-02","passed","2026-10-02","cookie-consent.store","web/store/__tests__","",""
"","11","uses RESEND_FROM_ADDRESS when configured","","2026-10-02","passed","2026-10-02","FROM address","EmailService","",""
"","5","sends order confirmation email to guest after successful payment","","2026-10-02","passed","2026-10-02","handlePaymentIntentSucceeded","StripeWebhooksService","",""
"","5","renders guestEmail when present","CustomerInfoCard","2026-10-02","passed","2026-10-02","pure-cards","web/admin/orders","",""
"","5","list() passes (slug, query) to findReviewsForProduct","","2026-10-02","passed","2026-10-02","","ReviewsController","",""
"","51","stores the correct product snapshot fields in the cart","AddToCartButton — product not in cart","2026-10-02","passed","2026-10-02","add-to-cart-button","web/components/features","",""
"","3","returns products with isLowStock=true when IN_STOCK and stock<=threshold","","2026-10-02","passed","2026-10-02","findInventory()","ProductsService","",""
"","496","renders the RU homepage with correct lang attribute","Desktop Chrome","2026-10-02","passed","2026-10-02","Homepage","homepage.spec.ts","",""
"","68","renders three navigation groups (shop / company / support)","Footer","2026-10-02","passed","2026-10-02","footer","web/components/shared","",""
"","0","logging in as ADMIN via the form stores tokens and unlocks /admin","Desktop Chrome","2026-10-02","skipped","2026-10-02","Admin flow — authentication","admin-flow.spec.ts","",""
"","1","returns whole cm without decimal when value is round","convertLength — metric system","2026-10-02","passed","2026-10-02","measurementConverter","web/lib/__tests__","",""
"","36","calls reset when retry button is clicked","GlobalError","2026-10-02","passed","2026-10-02","global-error","web/app/__tests__","",""
"","3","returns just the header row when no orders match the filters","","2026-10-02","passed","2026-10-02","exportToCsv()","OrdersService","",""
"","3","calls reset when there is no access token (anonymous session)","PostHogAnalytics","2026-10-02","passed","2026-10-02","posthog","web/components/analytics","",""
"","12","logger.info writes structured JSON to console.log","logger (server-side)","2026-10-02","passed","2026-10-02","logger","web/lib/__tests__","",""
"","10","propagates errors thrown by EmailService","","2026-10-02","passed","2026-10-02","","ContactService","",""
"","973","persists dark mode preference after page reload","Desktop Chrome","2026-10-02","passed","2026-10-02","Theme switching","theme.spec.ts","",""
"","9","does NOT mention shipping in the cart row (carrier window is shown at checkout only)","CartItemRow — rendering","2026-10-02","passed","2026-10-02","cart-item-row","web/app/locale","",""
"","86","renders email and password inputs","RegisterForm — rendering","2026-10-02","passed","2026-10-02","register-form","web/app/locale","",""
"","178","calls resetPassword with token and new password on valid submit","ResetPasswordForm — submission","2026-10-02","passed","2026-10-02","reset-password-form","web/app/locale","",""
"","1","replaces the current user when called again","setUser()","2026-10-02","passed","2026-10-02","user.store","web/store/__tests__","",""
"","6","matches ACTIVE products by title, description, or material","","2026-10-02","passed","2026-10-02","searchProducts()","ProductsService","",""
"","25","shows the already-unsubscribed state","NewsletterUnsubscribeClient","2026-10-02","passed","2026-10-02","newsletter-unsubscribe","web/app/locale","",""
"","2","throws in production when the env var is missing — placeholder would invalidate the policy","getPrivacyEmail / getSupportEmail / getLegalEmail","2026-10-02","passed","2026-10-02","contact","web/lib/config","",""
"","1","trackFbInitiateCheckout sends InitiateCheckout with item count and total","fbq analytics helpers","2026-10-02","passed","2026-10-02","fbq","web/lib/analytics","",""
"","272","shows the submitting label while the request is in flight","RegisterForm — successful registration","2026-10-02","passed","2026-10-02","register-form","web/app/locale","",""
"","78","renders order id (last 8), subtotal, shipping, total in USD with 2 decimals","OrderSummaryCard","2026-10-02","passed","2026-10-02","pure-cards","web/admin/orders","",""
"","9","applies the customer filter as case-insensitive substring on guestEmail OR user.email","","2026-10-02","passed","2026-10-02","findAllRefunds()","OrdersRefundsService","",""
"","263","extracts the refresh token from the HttpOnly cookie (preferred path)","","2026-10-02","passed","2026-10-02","","JwtRefreshStrategy.validate()","",""
"","2","renders order number in the body with last 8 chars uppercased","","2026-10-02","passed","2026-10-02","","buildShippingNotificationEmail","",""
"","5","returns just the header row when there are no products","","2026-10-02","passed","2026-10-02","exportToCsv()","ProductsService","",""
"","3","deletes the expired token and throws UnauthorizedException when token is expired","","2026-10-02","passed","2026-10-02","refreshTokens","AuthService","",""
"","321","redacts password field","","2026-10-02","passed","2026-10-02","","sanitizeForLog","",""
"","332","renders legal name + full postal address in every variant (CAN-SPAM §7704(a)(5))","","2026-10-02","passed","2026-10-02","","renderEmailFooter","",""
"HTTP-level integration test for the Reviews module.

Bootstraps a real Nest application with the same global pipes as production
(ValidationPipe with whitelist/transform), then exercises the REST endpoints
via supertest. This covers the entire flow that broke in browser:
- Content-Type parsing
- DTO validation (rating bounds, types, optional fields)
- JWT guard
- Verified-purchase guard
- Successful creation with empty/missing comment (stars only)

Prisma is fully mocked — no database required.","8","returns 400 when rating is 1.5","","2026-10-02","passed","2026-10-02","","Reviews HTTP integration","",""
"","1","maps /admin/discounts to discounts/overview","getHelpSlugForPath — customers, categories, discounts, settings","2026-10-02","passed","2026-10-02","path-to-help-slug","web/lib/admin-help","",""
"","3","does not send a refund email when the order has no guest email (registered user)","","2026-10-02","passed","2026-10-02","handleChargeRefunded","StripeWebhooksService","",""
"","1","returns the exact match when diameter aligns with a row","findUsSizeByDiameter()","2026-10-02","passed","2026-10-02","ring-sizes","web/lib/__tests__","",""
"","4","updates order status and returns updated order","","2026-10-02","passed","2026-10-02","updateStatus","AdminOrdersController","",""
"","110","produces different hashes for the same input (bcrypt uses random salt)","","2026-10-02","passed","2026-10-02","","hashPasswordForSeed","",""
"","46","renders a retry button","GlobalError","2026-10-02","passed","2026-10-02","global-error","web/app/__tests__","",""
"","2","assigns correct 1-based position to each breadcrumb item","generateBreadcrumbJsonLd","2026-10-02","passed","2026-10-02","json-ld","web/lib/seo","",""
"","65","renders contact email links from NEXT_PUBLIC_PRIVACY_EMAIL","PrivacyPage — structure","2026-10-02","passed","2026-10-02","privacy-page","web/app/locale","",""
"","1","is an instance of Error","ApiError","2026-10-02","passed","2026-10-02","client","web/lib/api","",""
"","2","switches back to the regular cart after clearExpressItem","useCheckoutItems()","2026-10-02","passed","2026-10-02","cart.store","web/store/__tests__","",""
"","123","shows validation errors on submit with empty required fields","ProductForm (create) — validation","2026-10-02","passed","2026-10-02","product-form/create","web/app/locale","",""
"","2","resets pagination by removing the page param on sort change","useCatalogFilters — updateSort()","2026-10-02","passed","2026-10-02","use-catalog-filters","web/app/locale","",""
"","3","forbids PENDING → SHIPPED (must go through PAID and PROCESSING first)","","2026-10-02","passed","2026-10-02","forbidden transitions (status skips)","isValidOrderStatusTransition","",""
"","26","renders its children verbatim","QueryProvider","2026-10-02","passed","2026-10-02","query-provider","web/components/shared","",""
"","9","throws HealthCheckError with a ""down"" payload so terminus returns 503","","2026-10-02","passed","2026-10-02","checkHealth","HealthController","",""
"","1091","no third-party requests after ""reject all""","Desktop Chrome","2026-10-02","passed","2026-10-02","Cookie-consent gate blocks third-party analytics until accepted","analytics-consent-gate.spec.ts","",""
"","7","renders FREE shipping in green when shippingCost is 0","","2026-10-02","passed","2026-10-02","","buildOrderConfirmationEmail","",""
"","11","renders the ""lostPackage"" question text","FaqPage — content + structure","2026-10-02","passed","2026-10-02","page","web/app/[locale]/faq","",""
"","120","returns false when plain password does not match the hash","","2026-10-02","passed","2026-10-02","verifyPassword","UsersService","",""
"","8","shows threshold upsell message with remaining amount","CartSummary — below free shipping threshold ($30)","2026-10-02","passed","2026-10-02","cart-summary","web/app/locale","",""
"","1","selecting rows enables the bulk actions bar","Desktop Chrome","2026-10-02","skipped","2026-10-02","Admin flow — products list","admin-flow.spec.ts","",""
"","1","formats price to 2 decimal places in offers","generateProductJsonLd","2026-10-02","passed","2026-10-02","json-ld","web/lib/seo","",""
"","5","does NOT throw in production when isLiveMode=true","","2026-10-02","passed","2026-10-02","purchaseLabel production dry-run guard","ShippingService","",""
"","10","triggers back-in-stock notifications when stock transitions from 0 to >0","","2026-10-02","passed","2026-10-02","update","ProductsService","",""
"","4","returns the order for an admin caller regardless of ownership","","2026-10-02","passed","2026-10-02","findOneByIdForCaller()","OrdersService","",""
"","68","renders guest email in customer column","AdminOrdersTable — rendering","2026-10-02","passed","2026-10-02","admin-orders-table","web/app/locale","",""
"","6","returns the authenticated user without the password field","","2026-10-02","passed","2026-10-02","me","AuthController","",""
"","6","throws ConflictException when email is already registered","","2026-10-02","passed","2026-10-02","register","AuthService","",""
"","4","shows the loading state until data arrives","OrderStatusBreakdown","2026-10-02","passed","2026-10-02","order-status-breakdown","web/app/locale","",""
"","39","calls onPageChange with currentPage − 1 when Prev is clicked","AdminPagination","2026-10-02","passed","2026-10-02","","","",""
"","19","fires Pinterest addtocart with content_ids + value for shopping ads attribution","AddToCartButton — dispatches add-to-cart to every consented channel","2026-10-02","passed","2026-10-02","add-to-cart-button","web/components/features","",""
"","5","displays the optional addressLine2 when present","ConfirmationOrderSummary","2026-10-02","passed","2026-10-02","confirmation-order-summary","web/app/locale","",""
"","247","renders the acknowledgement summary, the consent checkbox and the CRD-safe CTA","CheckoutStripeForm","2026-10-02","passed","2026-10-02","checkout-stripe-form","web/app/locale/checkout","",""
"","3","resetPassword POSTs token and new password","auth API","2026-10-02","passed","2026-10-02","auth","web/lib/api","",""
"","4","calls Resend with correct recipient and shipping subject","","2026-10-02","passed","2026-10-02","sendShippingNotification()","EmailService","",""
"","8","allows PAID → CANCELLED when customer cancels before production starts","","2026-10-02","passed","2026-10-02","allowed transitions (happy path)","isValidOrderStatusTransition","",""
"","6","accepts a valid address with required fields only","checkoutAddressSchema","2026-10-02","passed","2026-10-02","checkout-address-schema","web/app/locale","",""
"","2","renders subject with last 8 chars of orderId uppercased","","2026-10-02","passed","2026-10-02","","buildShippingNotificationEmail","",""
"","1","returns the largest productionDays across a mixed cart","findLongestProductionDays()","2026-10-02","passed","2026-10-02","format-eta","web/app/locale","",""
"","11","passes period and limit to the API client","TopProductsTable","2026-10-02","passed","2026-10-02","top-products-table","web/app/locale","",""
"","494","/en/login returns 200 with no console errors","Desktop Chrome","2026-10-02","failed","2026-10-02","Pre-launch smoke — every public page","pre-launch-smoke.spec.ts","",""
"","4","respects 24h cooldown — does NOT resend when last-sent was recent","","2026-10-02","passed","2026-10-02","resendVerificationEmail","AuthService","",""
"","4","preserves URL fields absent from the patch — Prisma sees undefined as ""do not update""","","2026-10-02","passed","2026-10-02","updateSettings()","SiteSettingsService","",""
"","2","does not call Klaviyo when only PENDING rows existed (never was on the list)","","2026-10-02","passed","2026-10-02","unsubscribe","NewsletterService","",""
"","1","regression #284 — fallback is :3000, never :3001 (historical wrong port)","","2026-10-02","passed","2026-10-02","","getFrontendUrl","",""
"","3","contains at least one entry per user-visible category","COOKIE_REGISTRY","2026-10-02","passed","2026-10-02","cookie-registry","web/lib/legal","",""
"","133","renders allowed next status buttons for PAID order","AdminOrderDetail — status update","2026-10-02","passed","2026-10-02","admin-order-detail","web/app/locale","",""
"","63","never calls Klaviyo on subscribe (Klaviyo only fires after confirmation)","","2026-10-02","passed","2026-10-02","subscribe","NewsletterService","",""
"","46","renders all cart item titles","CheckoutOrderSummary","2026-10-02","passed","2026-10-02","checkout-order-summary","web/app/locale","",""
"","1","sets priceCurrency to USD","generateProductJsonLd","2026-10-02","passed","2026-10-02","json-ld","web/lib/seo","",""
"","15","propagates ConflictException when category has products","","2026-10-02","passed","2026-10-02","remove","AdminCategoriesController","",""
"","3","forbids PENDING → DELIVERED (cannot skip entire fulfilment pipeline)","","2026-10-02","passed","2026-10-02","forbidden transitions (status skips)","isValidOrderStatusTransition","",""
"","1","switches to GBP","useCurrencyStore — setDisplayCurrency","2026-10-02","passed","2026-10-02","currency.store","web/store/__tests__","",""
"","6","renders createdAt as an ISO 8601 string","","2026-10-02","passed","2026-10-02","exportToCsv()","ProductsService","",""
"","1","returns null when the env var is only whitespace","getImageCdnOrigin","2026-10-02","passed","2026-10-02","image-cdn","web/lib/config","",""
"","305","delegates the query dto to usersService.findAllCustomers","","2026-10-02","passed","2026-10-02","findAll","AdminCustomersController","",""
"","2","redacts sensitive query-string tokens in the logged path","","2026-10-02","passed","2026-10-02","","RequestLoggerMiddleware","",""
"","5","calls stripe.webhooks.constructEvent with raw body, signature, and webhook secret","","2026-10-02","passed","2026-10-02","constructWebhookEvent","StripeService","",""
"","4","updateCategory PATCHes /:id","categories API","2026-10-02","passed","2026-10-02","categories","web/lib/api","",""
"","70","switches from imperial to metric when cm button is clicked","ProductDimensions — measurement toggle","2026-10-02","passed","2026-10-02","product-dimensions","web/app/locale","",""
"","6","setDefaultAddress PATCHes /:id/default with no body","addresses API","2026-10-02","passed","2026-10-02","addresses","web/lib/api","",""
"","5","captures payment_succeeded with userId as distinct_id for registered orders","","2026-10-02","passed","2026-10-02","handlePaymentIntentSucceeded","StripeWebhooksService","",""
"","6","updates productionStatus and productionNotes on a valid transition","","2026-10-02","passed","2026-10-02","updateProduction()","OrdersProductionService","",""
"","69","shows final status message for REFUNDED order","AdminOrderDetail — status update","2026-10-02","passed","2026-10-02","admin-order-detail","web/app/locale","",""
"","148","blocks submit until the consent checkbox is ticked (GDPR Art. 7)","NewsletterForm","2026-10-02","passed","2026-10-02","newsletter-form","web/components/features","",""
"","1","PUBLIC_PRODUCTS_MAX_PAGE_SIZE matches the API @Max(100) guard","fetchAllProducts — pagination helper for sitemap/feed","2026-10-02","passed","2026-10-02","products","web/lib/api","",""
"","5","loads the script with lazyOnload strategy (deferred until window.load — LCP-safe)","MicrosoftClarity","2026-10-02","passed","2026-10-02","microsoft-clarity","web/components/analytics","",""
"","4","upserts exactly 5 jewelry categories","","2026-10-02","passed","2026-10-02","","seedCategories","",""
"","95","blocks payment and never touches Stripe when the consent checkbox is unchecked","CheckoutStripeForm","2026-10-02","passed","2026-10-02","checkout-stripe-form","web/app/locale/checkout","",""
"","12","shows the production-only crafting copy with productionDays when > 0","CartItemRow — rendering","2026-10-02","passed","2026-10-02","cart-item-row","web/app/locale","",""
"","9","shows placeholder while data is loading","KeyMetricsCards","2026-10-02","passed","2026-10-02","key-metrics-cards","web/app/locale","",""
"","1","authenticated but not-yet-purchased user sees the purchase-required message","Desktop Chrome","2026-10-02","skipped","2026-10-02","Reviews — product page CTA per auth+eligibility","reviews-wishlist.spec.ts","",""
"","11","formats in USD as exact (not approximate) when displayCurrency is USD","useFormattedPrice","2026-10-02","passed","2026-10-02","useFormattedPrice","web/hooks","",""
"","2","falls back to the local dev URL when FRONTEND_URL is absent","","2026-10-02","passed","2026-10-02","","buildWelcomeEmail","",""
"","0","cart summary shows subtotal and checkout button","Desktop Chrome","2026-10-02","skipped","2026-10-02","Add to cart → Checkout flow","checkout-flow.spec.ts","",""
"","13","sorts by createdAt desc — newest first","","2026-10-02","passed","2026-10-02","exportToCsv()","ProductsService","",""
"","3","renders monetary fields in USD (not cents) with 2-decimal precision","","2026-10-02","passed","2026-10-02","exportToCsv()","OrdersService","",""
"","3","returns false again after logout","useIsAuthenticated()","2026-10-02","passed","2026-10-02","user.store","web/store/__tests__","",""
"","4","skips aggregate rows whose product was deleted","","2026-10-02","passed","2026-10-02","getTopProducts","AdminProductsAnalyticsService","",""
"","6","shows USD as safe placeholder while rates are still loading","DisplayPrice — fallback when rates unavailable","2026-10-02","passed","2026-10-02","display-price","web/components/shared","",""
"","1","includes sitemap URL pointing to /sitemap.xml","robots","2026-10-02","passed","2026-10-02","robots","web/app/__tests__","",""
"","1","rejects an empty email","checkoutAddressSchema","2026-10-02","passed","2026-10-02","checkout-address-schema","web/app/locale","",""
"","3","always emits X-Content-Type-Options, X-Frame-Options, Referrer-Policy, Permissions-Policy (NODE_ENV=development)","getSecurityHeaders — baseline (every environment)","2026-10-02","passed","2026-10-02","security-headers","web/lib","",""
"","3","returns the snapshot + bumps usageCount for a valid code","","2026-10-02","passed","2026-10-02","applyOnOrderCreate()","DiscountsService","",""
"","7","returns canReview=true when user has a delivered order and no existing review","","2026-10-02","passed","2026-10-02","checkReviewEligibility","ReviewsService","",""
"","7","allows PROCESSING → SHIPPED when admin adds tracking number","","2026-10-02","passed","2026-10-02","allowed transitions (happy path)","isValidOrderStatusTransition","",""
"","1","returns no missing entries for a complete production env","","2026-10-02","passed","2026-10-02","","validateRequiredEnv","",""
"","1","resolves a two-segment slug with subdirectory under ru/","resolveHelpDocPath — valid locale + slug","2026-10-02","passed","2026-10-02","load-help-content","web/lib/admin-help","",""
"","7","first address is automatically default","","2026-10-02","passed","2026-10-02","create","AddressesService","",""
"","0","can increase and decrease item quantity in cart","Desktop Chrome","2026-10-02","skipped","2026-10-02","Add to cart → Checkout flow","checkout-flow.spec.ts","",""
"","1","does NOT emit HSTS (NODE_ENV=test) — would brick localhost-over-HTTP for 2 years","getSecurityHeaders — non-production environments","2026-10-02","passed","2026-10-02","security-headers","web/lib","",""
"","1","has a free threshold only for standard shipping","SHIPPING_OPTIONS","2026-10-02","passed","2026-10-02","shipping-options","web/app/locale","",""
"","71","creates an order and payment intent on mount, returns orderId and clientSecret","useInitiateCheckout","2026-10-02","passed","2026-10-02","use-initiate-checkout","web/app/locale","",""
"","285","persists a PENDING consent row with audit trail before sending email","","2026-10-02","passed","2026-10-02","subscribe","NewsletterService","",""
"","1","omits aggregateRating when avgRating is 0","generateProductJsonLd","2026-10-02","passed","2026-10-02","json-ld","web/lib/seo","",""
"","3","sets InStock availability when stock > 0","generateProductJsonLd","2026-10-02","passed","2026-10-02","json-ld","web/lib/seo","",""
"","41","seeds inputs with current settings values","SettingsForm","2026-10-02","passed","2026-10-02","settings-form","web/app/locale","",""
"","4","prefers cookie over Authorization header when both provided","","2026-10-02","passed","2026-10-02","","JwtRefreshStrategy.validate()","",""
"","1","trackBeginCheckout sends begin_checkout with cart items","gtag analytics helpers","2026-10-02","passed","2026-10-02","gtag","web/lib/analytics","",""
"","23","passes a health indicator function that queries the database","","2026-10-02","passed","2026-10-02","checkHealth","HealthController","",""
"","1","klaviyoAddedToCart pushes Added to Cart with item and cart total","klaviyo analytics helpers","2026-10-02","passed","2026-10-02","klaviyo","web/lib/analytics","",""
"","3","updates the product when slug exists","","2026-10-02","passed","2026-10-02","update","ProductsService","",""
"","5","aggregates order totals into daily buckets for 7d period","","2026-10-02","passed","2026-10-02","getRevenueStats","AdminRevenueService","",""
"","5","throws UnauthorizedException when no auth is presented for a guest order","","2026-10-02","passed","2026-10-02","acceptTerms()","OrdersService","",""
"","63","flips to ""Remove from wishlist"" after a guest click and updates the store","WishlistButton","2026-10-02","passed","2026-10-02","wishlist-button","web/components/features","",""
"","16","returns null when no user is logged in","useCurrentUser()","2026-10-02","passed","2026-10-02","user.store","web/store/__tests__","",""
"","10","rejects PERCENTAGE value outside 1-100","","2026-10-02","passed","2026-10-02","create()","DiscountsService","",""
"","9","createOrder POSTs the payload without Authorization when the caller is a guest","orders API — public","2026-10-02","passed","2026-10-02","orders","web/lib/api","",""
"","1","is a no-op in non-production environments","","2026-10-02","passed","2026-10-02","","assertProductionEnv","",""
"","43","renders the error message when fetch itself throws (network down)","HelpDrawer — error states","2026-10-02","passed","2026-10-02","help-drawer","web/components/admin","",""
"","15","omits endpoint when AWS_S3_ENDPOINT is unset (default AWS S3)","","2026-10-02","passed","2026-10-02","S3 provider configuration","UploadService","",""
"","4","fetchMyReviewForProduct passes productId as query param","reviews API — public","2026-10-02","passed","2026-10-02","reviews","web/lib/api","",""
"","85","restores password input type to ""password"" when toggled off","RegisterForm — password visibility toggle","2026-10-02","passed","2026-10-02","register-form","web/app/locale","",""
"","1","adds page=2 when target page is 2","buildPageUrl()","2026-10-02","passed","2026-10-02","build-page-url","web/lib/catalog","",""
"","75","renders all order items","ConfirmationOrderItems","2026-10-02","passed","2026-10-02","confirmation-order-items","web/app/locale","",""
"","4","resolves a single-segment slug under en/","resolveHelpDocPath — valid locale + slug","2026-10-02","passed","2026-10-02","load-help-content","web/lib/admin-help","",""
"","344","updates the URL via router.replace when input changes (debounced)","SearchResults","2026-10-02","passed","2026-10-02","search-results","web/app/locale","",""
"","1","maps /admin/analytics to analytics","getHelpSlugForPath — customers, categories, discounts, settings","2026-10-02","passed","2026-10-02","path-to-help-slug","web/lib/admin-help","",""
"","1","treats undefined productionDays as 0 (legacy carts persisted before #227)","findLongestProductionDays()","2026-10-02","passed","2026-10-02","format-eta","web/app/locale","",""
"","45","shows days-left chip when deadline is in the future","ProductionTable","2026-10-02","passed","2026-10-02","production-table","web/app/locale","",""
"HTTP-level integration test for the Reviews module.

Bootstraps a real Nest application with the same global pipes as production
(ValidationPipe with whitelist/transform), then exercises the REST endpoints
via supertest. This covers the entire flow that broke in browser:
- Content-Type parsing
- DTO validation (rating bounds, types, optional fields)
- JWT guard
- Verified-purchase guard
- Successful creation with empty/missing comment (stars only)

Prisma is fully mocked — no database required.","5","returns canReview=true when user has purchased and not yet reviewed","","2026-10-02","passed","2026-10-02","","Reviews HTTP integration","",""
"","3","includes dimension fields for products that have them","","2026-10-02","passed","2026-10-02","","seedProducts","",""
"","46","flips to ""View cart"" immediately after the first click","AddToCartButton — product already in cart","2026-10-02","passed","2026-10-02","add-to-cart-button","web/components/features","",""
"","300","returns all categories with product count ordered by name","","2026-10-02","passed","2026-10-02","findAll","CategoriesService","",""
"","47","renders chart title","RevenueChart — rendering","2026-10-02","passed","2026-10-02","revenue-chart","web/app/locale","",""
"","149","renders interactive radiogroup when onChange provided","StarRating","2026-10-02","passed","2026-10-02","star-rating","web/components/features","",""
"","3","remove() passes (userId, productId) to removeFromWishlist","","2026-10-02","passed","2026-10-02","","WishlistController","",""
"","2","rejects arbitrary strings without any token structure","","2026-10-02","passed","2026-10-02","","unsubscribe token","",""
"","68","renders the current locale flag and short code","LanguageSwitcher","2026-10-02","passed","2026-10-02","language-switcher","web/components/shared","",""
"","98","disables the Purchase button and shows the warning banner in dry-run mode","LabelPurchaseSection — dry-run purchase block","2026-10-02","passed","2026-10-02","label-purchase-section","web/app/locale","",""
"","63","shows the customise panel when ""Customise"" is clicked","CookieBanner — customise panel","2026-10-02","passed","2026-10-02","cookie-banner","web/components/shared","",""
"HTTP-level integration test for the Reviews module.

Bootstraps a real Nest application with the same global pipes as production
(ValidationPipe with whitelist/transform), then exercises the REST endpoints
via supertest. This covers the entire flow that broke in browser:
- Content-Type parsing
- DTO validation (rating bounds, types, optional fields)
- JWT guard
- Verified-purchase guard
- Successful creation with empty/missing comment (stars only)

Prisma is fully mocked — no database required.","6","returns 409 on duplicate review (P2002)","","2026-10-02","passed","2026-10-02","","Reviews HTTP integration","",""
"","6","returns the user balance","","2026-10-02","passed","2026-10-02","getBalance","LoyaltyService","",""
"HTTP-level integration test for the Reviews module.

Bootstraps a real Nest application with the same global pipes as production
(ValidationPipe with whitelist/transform), then exercises the REST endpoints
via supertest. This covers the entire flow that broke in browser:
- Content-Type parsing
- DTO validation (rating bounds, types, optional fields)
- JWT guard
- Verified-purchase guard
- Successful creation with empty/missing comment (stars only)

Prisma is fully mocked — no database required.","20","queries Prisma to require DELIVERED — PAID alone is not enough","","2026-10-02","passed","2026-10-02","","Reviews HTTP integration","",""
"","3","promotes most recent remaining address when default is deleted","","2026-10-02","passed","2026-10-02","remove","AddressesService","",""
"","3","only allows reviews for DELIVERED orders","","2026-10-02","passed","2026-10-02","createReview","ReviewsService","",""
"","6","hides the banner after acceptAll is called","CookieBanner — visibility","2026-10-02","passed","2026-10-02","cookie-banner","web/components/shared","",""
"","49","shows skeleton list while reviews are loading (data === null)","ReviewsSection","2026-10-02","passed","2026-10-02","reviews-section","web/components/features","",""
"","87","goes back to shipping method when back is clicked on payment step","CheckoutEntry — multi-step flow","2026-10-02","passed","2026-10-02","checkout-entry","web/app/locale","",""
"","40","renders the support email link for returns from NEXT_PUBLIC_SUPPORT_EMAIL","TermsPage — returns and refund policy","2026-10-02","passed","2026-10-02","terms-page","web/app/locale","",""
"","1","every href in /home/runner/work/handmade-jewelry-store/handmade-jewelry-store/apps/web/src/components/shared/nav-links.tsx resolves to an existing route","shared navigation — internal links","2026-10-02","passed","2026-10-02","","","",""
"","0","maps /admin/orders/:id to orders/detail","getHelpSlugForPath — orders","2026-10-02","passed","2026-10-02","path-to-help-slug","web/lib/admin-help","",""
"","3","fetchAdminProducts skips undefined params and sends bearer auth","products API — admin list & detail","2026-10-02","passed","2026-10-02","products-admin","web/lib/api","",""
"","2","allows any non-terminal status → ON_HOLD (chargeback can hit an order at any active stage)","","2026-10-02","passed","2026-10-02","ON_HOLD dispute lifecycle","isValidOrderStatusTransition","",""
"","2","falls back to http://localhost:3000 (web dev port) when env is absent","","2026-10-02","passed","2026-10-02","","getFrontendUrl","",""
"","4","every href in /home/runner/work/handmade-jewelry-store/handmade-jewelry-store/apps/web/src/components/shared/footer.tsx resolves to an existing route","shared navigation — internal links","2026-10-02","passed","2026-10-02","","","",""
"","1","initialises _learnq if not present","klaviyo analytics helpers","2026-10-02","passed","2026-10-02","klaviyo","web/lib/analytics","",""
"","27","renders raw values with proper formatting","KeyMetricsCards","2026-10-02","passed","2026-10-02","key-metrics-cards","web/app/locale","",""
"","4","rejects a password with no digit","","2026-10-02","passed","2026-10-02","","RegisterDto password strength validation","",""
"","494","debounces search input and refetches with the search param","CustomersTable","2026-10-02","passed","2026-10-02","customers-table","web/app/locale","",""
"","4","computes refundRatePercent = refunded / paid × 100, rounded","","2026-10-02","passed","2026-10-02","getKeyMetrics","AdminRevenueService","",""
"","30","propagates UnauthorizedException when guest has no order-access token (#537 IDOR)","","2026-10-02","passed","2026-10-02","createPaymentIntent","PaymentsService","",""
"","17","renders SPENT and REVERSED as negative values","LoyaltyOverview","2026-10-02","passed","2026-10-02","loyalty-overview","web/app/locale","",""
"","2","unauthenticated /account/wishlist requires login (no API call fires)","Desktop Chrome","2026-10-02","skipped","2026-10-02","Wishlist — guest persistence via localStorage","reviews-wishlist.spec.ts","",""
"","1","merges multiple class names into one string","cn()","2026-10-02","passed","2026-10-02","utils","web/lib/__tests__","",""
"","46","aria-label says ""Dark mode"" in light mode (matches header.switchToDark translation)","ThemeToggle — light mode","2026-10-02","passed","2026-10-02","theme-toggle","web/components/shared","",""
"","6","rejects orders with an incomplete shipping address","","2026-10-02","passed","2026-10-02","purchaseLabel","ShippingService","",""
"","1","always emits X-Content-Type-Options, X-Frame-Options, Referrer-Policy, Permissions-Policy (NODE_ENV=undefined)","getSecurityHeaders — baseline (every environment)","2026-10-02","passed","2026-10-02","security-headers","web/lib","",""
"","0","script-src still whitelists https://us.i.posthog.com (third-party SDK host)","buildContentSecurityPolicy — with nonce","2026-10-02","passed","2026-10-02","security-headers","web/lib","",""
"","30","shows step 3 in the progress indicator","CheckoutPaymentForm","2026-10-02","passed","2026-10-02","checkout-payment-form","web/app/locale","",""
"","4","clears all auth state including role","useAuthStore","2026-10-02","passed","2026-10-02","auth.store","web/store/__tests__","",""
"","7","applies case-insensitive search across title and description","","2026-10-02","passed","2026-10-02","findAll","ProductsService","",""
"","1","splits price into 4 equal installments at exact boundary $35","calculateInstallmentPreview()","2026-10-02","passed","2026-10-02","installment-preview","web/lib/__tests__","",""
"","80","moves to payment form (step 3) after shipping method is selected","CheckoutEntry — multi-step flow","2026-10-02","passed","2026-10-02","checkout-entry","web/app/locale","",""
"","1","switches back to USD from another currency","useCurrencyStore — setDisplayCurrency","2026-10-02","passed","2026-10-02","currency.store","web/store/__tests__","",""
"HTTP integration test for the Wishlist module — exercises the full
NestJS request pipeline (JWT guard, ValidationPipe, controller, service)
with Prisma fully mocked. Mirrors the contract used by the frontend.","7","returns 200 + products list on GET /wishlist","","2026-10-02","passed","2026-10-02","","Wishlist HTTP integration","",""
"","2","fetchCurrentUser returns the authenticated user profile","auth API","2026-10-02","passed","2026-10-02","auth","web/lib/api","",""
"","11","allows CANCELLED → PARTIALLY_REFUNDED for MADE_TO_ORDER cancelled mid-production","","2026-10-02","passed","2026-10-02","allowed transitions (happy path)","isValidOrderStatusTransition","",""
"","1","redacts refreshToken field","","2026-10-02","passed","2026-10-02","","sanitizeForLog","",""
"","40","renders order history rows linking back to /admin/orders/[id]","CustomerDetail","2026-10-02","passed","2026-10-02","customer-detail","web/app/locale","",""
"HTTP-level integration test for the Reviews module.

Bootstraps a real Nest application with the same global pipes as production
(ValidationPipe with whitelist/transform), then exercises the REST endpoints
via supertest. This covers the entire flow that broke in browser:
- Content-Type parsing
- DTO validation (rating bounds, types, optional fields)
- JWT guard
- Verified-purchase guard
- Successful creation with empty/missing comment (stars only)

Prisma is fully mocked — no database required.","15","creates review with rating=3 and no comment (stars only)","","2026-10-02","passed","2026-10-02","","Reviews HTTP integration","",""
"","1","sets guestEmail from the form email field","buildOrderPayload()","2026-10-02","passed","2026-10-02","build-order-payload","web/app/locale","",""
"","415","/es responds with correct <html lang=""es"">","Desktop Chrome","2026-10-02","passed","2026-10-02","Pre-launch smoke — locale routes","pre-launch-smoke.spec.ts","",""
"","122","shows the remaining refundable amount, accounting for prior refunds","RefundOrderModal","2026-10-02","passed","2026-10-02","refund-order-modal","web/app/locale","",""
"","3","sets lastModified from product updatedAt","sitemap","2026-10-02","passed","2026-10-02","sitemap","web/app/__tests__","",""
"","1","warns when recommended vars (SENTRY_DSN, POSTHOG_API_KEY) are unset","","2026-10-02","passed","2026-10-02","","validateRequiredEnv","",""
"","33","fetchMyAddresses GETs /api/users/me/addresses with bearer auth","addresses API","2026-10-02","passed","2026-10-02","addresses","web/lib/api","",""
"","25","shows the Sign in to review CTA for unauthenticated users (after hydration)","ReviewsSection","2026-10-02","passed","2026-10-02","reviews-section","web/components/features","",""
"","6","creates and returns a product with category included","","2026-10-02","passed","2026-10-02","create","ProductsService","",""
"","2","default export returns an ImageResponse","apple-icon","2026-10-02","passed","2026-10-02","apple-icon","web/app/__tests__","",""
"","12","has accessible trigger with aria-label describing the current language","LanguageSwitcher","2026-10-02","passed","2026-10-02","language-switcher","web/components/shared","",""
"","4","disables the query when accessToken is null","useAdminListQuery()","2026-10-02","passed","2026-10-02","","","",""
"","2","redacts sensitive values: /auth?access_token=jwt.value.here → /auth?access_token=[REDACTED]","","2026-10-02","passed","2026-10-02","","redactSensitiveQueryParams","",""
"","4","throws UnauthorizedException when the token is expired or malformed","","2026-10-02","passed","2026-10-02","findOneByIdForCaller()","OrdersService","",""
"","17","forbids PAID → PENDING (cannot revert confirmed payment)","","2026-10-02","passed","2026-10-02","forbidden transitions (backward movements)","isValidOrderStatusTransition","",""
"","1","removes the item when quantity is set to a negative number","updateQuantity()","2026-10-02","passed","2026-10-02","cart.store","web/store/__tests__","",""
"","18","fetchLoyaltyBalance GETs /balance with bearer auth","loyalty API — fetchers","2026-10-02","passed","2026-10-02","loyalty","web/lib/api","",""
"","4","every row has all four required fields populated","RING_SIZES table integrity","2026-10-02","passed","2026-10-02","ring-sizes","web/lib/__tests__","",""
"","1","rejects an unknown locale","resolveHelpDocPath — unsupported locale","2026-10-02","passed","2026-10-02","load-help-content","web/lib/admin-help","",""
"","13","discloses that handmade products may have natural variations that are not defects","TermsPage — handmade-specific disclosures","2026-10-02","passed","2026-10-02","terms-page","web/app/locale","",""
"","3","fires GA4 begin_checkout with subtotal + normalised items array","CheckoutEntry — dispatches checkout-started to every consented channel","2026-10-02","passed","2026-10-02","checkout-entry","web/app/locale","",""
"","1","returns 50% of subtotal in points (1 USD = 100 points)","loyalty — calculateMaxRedeemablePoints","2026-10-02","passed","2026-10-02","loyalty","web/lib/api","",""
"","9","does not show address form on initial render","CheckoutEntry — gateway screen","2026-10-02","passed","2026-10-02","checkout-entry","web/app/locale","",""
"","0","whitelists https://api.stripe.com (analytics/payment/error ingest)","buildContentSecurityPolicy — with nonce","2026-10-02","passed","2026-10-02","security-headers","web/lib","",""
"HTTP integration test for the Wishlist module — exercises the full
NestJS request pipeline (JWT guard, ValidationPipe, controller, service)
with Prisma fully mocked. Mirrors the contract used by the frontend.","7","returns 400 on POST /wishlist/merge with > 200 ids","","2026-10-02","passed","2026-10-02","","Wishlist HTTP integration","",""
"","55","renders a Privacy Policy link","CookieBanner — default view actions","2026-10-02","passed","2026-10-02","cookie-banner","web/components/shared","",""
"","3","throws when the conditional bump matches zero rows (race lost)","","2026-10-02","passed","2026-10-02","applyOnOrderCreate()","DiscountsService","",""
"","4","falls back to ?token= query when header is absent (Stripe redirect callback)","","2026-10-02","passed","2026-10-02","findOne()","OrdersController","",""
"","101","renders GDPR Art. 13 sections added for full disclosure (#555)","PrivacyPage — structure","2026-10-02","passed","2026-10-02","privacy-page","web/app/locale","",""
"","427","displays the site logo","Desktop Chrome","2026-10-02","passed","2026-10-02","Homepage","homepage.spec.ts","",""
"","24","rejects stale legal versions with BadRequestException","","2026-10-02","passed","2026-10-02","acceptTerms()","OrdersService","",""
"","5","skips when payment already PARTIALLY_REFUNDED and webhook reports same partial","","2026-10-02","passed","2026-10-02","handleChargeRefunded","StripeWebhooksService","",""
"","128","renders retry button when onRetry is provided","ErrorMessage","2026-10-02","passed","2026-10-02","error-message","web/components/shared","",""
"","157","redirects to login page after successful password reset","ResetPasswordForm — submission","2026-10-02","passed","2026-10-02","reset-password-form","web/app/locale","",""
"","32","shows the slug in the drawer header so admins can grep the file path","HelpDrawer — lazy fetch","2026-10-02","passed","2026-10-02","help-drawer","web/components/admin","",""
"HTTP integration test for the Wishlist module — exercises the full
NestJS request pipeline (JWT guard, ValidationPipe, controller, service)
with Prisma fully mocked. Mirrors the contract used by the frontend.","4","returns 200 + {removed: true} on DELETE /wishlist/:productId (idempotent for missing wishlist)","","2026-10-02","passed","2026-10-02","","Wishlist HTTP integration","",""
"","1","converts 17.78 cm → 7""","convertLength — imperial system","2026-10-02","passed","2026-10-02","measurementConverter","web/lib/__tests__","",""
"","55","shows address form (step 1) after clicking ""Continue as Guest""","CheckoutEntry — multi-step flow","2026-10-02","passed","2026-10-02","checkout-entry","web/app/locale","",""
"","5","marks the first 4 cards as priority (LCP optimisation)","ProductGrid","2026-10-02","passed","2026-10-02","product-grid","web/components/features","",""
"","3","forgotPassword POSTs only the email","auth API","2026-10-02","passed","2026-10-02","auth","web/lib/api","",""
"","2","uses ONLY the express item when set, ignoring the regular cart","useCheckoutTotalPrice()","2026-10-02","passed","2026-10-02","cart.store","web/store/__tests__","",""
"","103","shows pagination controls and advances page on Next","CustomersTable","2026-10-02","passed","2026-10-02","customers-table","web/app/locale","",""
"","4","updates and returns the modified category","","2026-10-02","passed","2026-10-02","update","AdminCategoriesController","",""
"","0","script-src still whitelists https://www.clarity.ms (third-party SDK host)","buildContentSecurityPolicy — with nonce","2026-10-02","passed","2026-10-02","security-headers","web/lib","",""
"","51","renders empty state with browse CTA when no orders","OrderHistoryList","2026-10-02","passed","2026-10-02","order-history-list","web/app/locale","",""
"","1","drops false values","cn()","2026-10-02","passed","2026-10-02","utils","web/lib/__tests__","",""
"","3","unsubscribeFromNewsletter POSTs email + token and returns unsubscribed","newsletter API","2026-10-02","passed","2026-10-02","newsletter","web/lib/api","",""
"","3","redirects to / when user has USER role","AdminAuthGuard","2026-10-02","passed","2026-10-02","admin-auth-guard","web/app/locale","",""
"","255","returns the user when AuthService.validateUserCredentials approves","","2026-10-02","passed","2026-10-02","","LocalStrategy.validate()","",""
"","2","is sorted ascending by US size","RING_SIZES table integrity","2026-10-02","passed","2026-10-02","ring-sizes","web/lib/__tests__","",""
"","1","rejects fullName shorter than 2 characters","checkoutAddressSchema","2026-10-02","passed","2026-10-02","checkout-address-schema","web/app/locale","",""
"","12","emits a valid FAQPage schema","FaqPage — FAQPage JSON-LD (#282 SEO rich results)","2026-10-02","passed","2026-10-02","page","web/app/[locale]/faq","",""
"","1","ImageResponse is constructed with the correct 180×180 size options","apple-icon","2026-10-02","passed","2026-10-02","apple-icon","web/app/__tests__","",""
"","8","uses default threshold 3 when not provided","","2026-10-02","passed","2026-10-02","findInventory()","ProductsService","",""
"","132","does NOT call the purchase API when clicked in dry-run mode","LabelPurchaseSection — dry-run purchase block","2026-10-02","passed","2026-10-02","label-purchase-section","web/app/locale","",""
"","11","does not show error ID section when digest is absent","GlobalError","2026-10-02","passed","2026-10-02","global-error","web/app/__tests__","",""
"","17","returns empty strings when no search params are set","useCatalogFilters — derived state from URL params","2026-10-02","passed","2026-10-02","use-catalog-filters","web/app/locale","",""
"","170","shows strength error when password has no digit","RegisterForm — password strength validation","2026-10-02","passed","2026-10-02","register-form","web/app/locale","",""
"","2","disallows admin and API prefixes at root","robots","2026-10-02","passed","2026-10-02","robots","web/app/__tests__","",""
"","296","returns productCount, orderCount and calculated totalRevenueCents","","2026-10-02","passed","2026-10-02","getStats","AdminService","",""
"","16","returns 400 for invalid email ""not-an-email""","","2026-10-02","passed","2026-10-02","POST /api/newsletter/subscribe","Newsletter HTTP integration (double opt-in)","",""
"","4","filters by status when status query param is provided","","2026-10-02","passed","2026-10-02","findAll()","OrdersService","",""
"","266","initializes Stripe client with the secret key from config","","2026-10-02","passed","2026-10-02","","StripeService","",""
"","5","replays the same idempotency key on admin retry after DB failure (prevents double refund)","","2026-10-02","passed","2026-10-02","refundOrder()","OrdersRefundsService","",""
"","1","setExpressItem does NOT touch the regular cart","expressItem flow","2026-10-02","passed","2026-10-02","cart.store","web/store/__tests__","",""
"","4","adds a new product to the cart with quantity 1","addItem()","2026-10-02","passed","2026-10-02","cart.store","web/store/__tests__","",""
"","3","fetchAdminKeyMetrics returns the KeyMetrics shape","admin analytics API","2026-10-02","passed","2026-10-02","admin","web/lib/api","",""
"","5","has an accessible aria-label wrapping the button","CheckoutPaymentRequestButton","2026-10-02","passed","2026-10-02","checkout-payment-request-button","web/app/locale","",""
"","11","update() passes the UpdateSiteSettingsDto to updateSettings","","2026-10-02","passed","2026-10-02","","AdminSiteSettingsController","",""
"","4","does nothing when user is already verified","","2026-10-02","passed","2026-10-02","resendVerificationEmail","AuthService","",""
"","1","allows access when user role matches required role","","2026-10-02","passed","2026-10-02","","RolesGuard","",""
"","3","updateAdminOrderTracking PATCHes /tracking","orders API — admin mutations","2026-10-02","passed","2026-10-02","orders","web/lib/api","",""
"","195","shows the empty cart message when cart has no items","CartPageContent — empty state","2026-10-02","passed","2026-10-02","cart-page-content","web/app/locale","",""
"","21","fires PostHog product_viewed with full product payload","ProductViewTracker — dispatches to every consented channel","2026-10-02","passed","2026-10-02","product-view-tracker","web/app/locale","",""
"","1","always returns base cost for express shipping regardless of subtotal","calculateShippingCost","2026-10-02","passed","2026-10-02","shipping-options","web/app/locale","",""
"","13","throws UnauthorizedException when anonymous and no token is presented","","2026-10-02","passed","2026-10-02","findOneByIdForCaller()","OrdersService","",""
"","2","logger.info works without meta argument","logger (server-side)","2026-10-02","passed","2026-10-02","logger","web/lib/__tests__","",""
"","219","renders all main form sections","ProductForm (create) — rendering","2026-10-02","passed","2026-10-02","product-form/create","web/app/locale","",""
"","11","injects the Clarity loader script when consent is granted","MicrosoftClarity","2026-10-02","passed","2026-10-02","microsoft-clarity","web/components/analytics","",""
"","1","treats empty strings as missing (whitespace counts as empty)","","2026-10-02","passed","2026-10-02","","validateRequiredEnv","",""
"","13","returns the existing row when terms were already accepted (idempotent)","","2026-10-02","passed","2026-10-02","acceptTerms()","OrdersService","",""
"","350","renders a row checkbox per product plus the select-all header checkbox","AdminProductsTable — bulk selection","2026-10-02","passed","2026-10-02","admin-products-table","web/app/locale","",""
"","257","un-selecting one row drops the count back to 1","AdminProductsTable — bulk selection","2026-10-02","passed","2026-10-02","admin-products-table","web/app/locale","",""
"","5","generateMetadata builds canonical /products/<slug> when product exists","ProductPage — notFound behaviour (regression: #289)","2026-10-02","passed","2026-10-02","page + not-found","web/app/[locale]/products/[slug]","",""
"","5","counts only IN_STOCK products at or below the threshold","","2026-10-02","passed","2026-10-02","countLowStock()","ProductsService","",""
"","2","returns true when minPrice is set","useCatalogFilters — hasActiveFilters","2026-10-02","passed","2026-10-02","use-catalog-filters","web/app/locale","",""
"","3","includes ring size guide entry for each locale","sitemap","2026-10-02","passed","2026-10-02","sitemap","web/app/__tests__","",""
"","0","guest checkout shows address form with all required fields","Desktop Chrome","2026-10-02","skipped","2026-10-02","Add to cart → Checkout flow","checkout-flow.spec.ts","",""
"","42","renders the product image with a descriptive alt","ProductCard","2026-10-02","passed","2026-10-02","product-card","web/components/features","",""
"","3","fetchOrderById attaches Bearer JWT when a signed-in user provides one","orders API — public","2026-10-02","passed","2026-10-02","orders","web/lib/api","",""
"","104","renders all main navigation links inside the sidebar","MobileNav","2026-10-02","passed","2026-10-02","mobile-nav","web/components/shared","",""
"","25","shows empty state when all chart data points are zero","RevenueChart — rendering","2026-10-02","passed","2026-10-02","revenue-chart","web/app/locale","",""
"","27","renders the min price input with ""From"" placeholder","PriceFilter — rendering","2026-10-02","passed","2026-10-02","price-filter","web/app/locale","",""
"","1","clamps any quantity > 1 down to 1","updateQuantity()","2026-10-02","passed","2026-10-02","cart.store","web/store/__tests__","",""
"","31","renders the → symbol for the next button","PaginationArrowButton — active (href provided)","2026-10-02","passed","2026-10-02","pagination-arrow-button","web/app/locale","",""
"","1","ru.json admin.inventoryBadgeLowStock is in Russian, not ""Low stock""","i18n untranslated regression guards (#283)","2026-10-02","passed","2026-10-02","parity","web/i18n","",""
"","6","captures payment_succeeded with guest email as distinct_id for guest orders","","2026-10-02","passed","2026-10-02","handlePaymentIntentSucceeded","StripeWebhooksService","",""
"","3","emits a JSON envelope with statusCode + message + path + ISO timestamp","","2026-10-02","passed","2026-10-02","","HttpExceptionFilter.catch()","",""
"","2","throws UnauthorizedException when findById returns null (deleted/disabled user)","","2026-10-02","passed","2026-10-02","","JwtStrategy.validate()","",""
"","4","forbids REFUNDED → CANCELLED (terminal state — no transitions allowed)","","2026-10-02","passed","2026-10-02","forbidden transitions (backward movements)","isValidOrderStatusTransition","",""
"","0","address form validates required fields on submit","Desktop Chrome","2026-10-02","skipped","2026-10-02","Add to cart → Checkout flow","checkout-flow.spec.ts","",""
"","4","emits a WARN log when NODE_ENV === ""production"" (regression: #281)","","2026-10-02","passed","2026-10-02","purchaseLabel production warning","EasypostMockClient","",""
"","5","toasts ApiError.message on failure and clears isExporting","useAdminCsvExport()","2026-10-02","passed","2026-10-02","","","",""
"","31","shows ""due today"" badge when deadline is within the next 24h but not full day","ProductionTable","2026-10-02","passed","2026-10-02","production-table","web/app/locale","",""
"","168","calls forgotPassword with the entered email on submit","ForgotPasswordForm — submission","2026-10-02","passed","2026-10-02","forgot-password-form","web/app/locale","",""
"","1","setExpressItem stores a single-item snapshot with quantity 1","expressItem flow","2026-10-02","passed","2026-10-02","cart.store","web/store/__tests__","",""
"","3","sets PARTIALLY_REFUNDED when amount_refunded < charge.amount","","2026-10-02","passed","2026-10-02","handleChargeRefunded","StripeWebhooksService","",""
"","188","renders the page title heading","PrivacyPage — structure","2026-10-02","passed","2026-10-02","privacy-page","web/app/locale","",""
"","21","renders a ""View cart"" link instead of the add button","AddToCartButton — product already in cart","2026-10-02","passed","2026-10-02","add-to-cart-button","web/components/features","",""
"","436","opens the mobile sidebar when hamburger is clicked","Desktop Chrome","2026-10-02","passed","2026-10-02","Mobile navigation","navigation.spec.ts","",""
"","36","renders the show-password button with aria-label ""Show password""","LoginForm — rendering","2026-10-02","passed","2026-10-02","login-form","web/app/locale","",""
"","275","opens ConfirmDialog before CANCELLED — destructive transition (#267)","AdminOrdersTable — status transitions","2026-10-02","passed","2026-10-02","admin-orders-table","web/app/locale","",""
"","6","throws NotFoundException when no pending consent exists","","2026-10-02","passed","2026-10-02","confirm","NewsletterService","",""
"","5","confirmNewsletterSubscription POSTs email + token and returns confirmed","newsletter API","2026-10-02","passed","2026-10-02","newsletter","web/lib/api","",""
"","2","includes addressLine2 when provided","","2026-10-02","passed","2026-10-02","","buildOrderConfirmationEmail","",""
"","91","renders order row with last 8 chars of id","AdminOrdersTable — rendering","2026-10-02","passed","2026-10-02","admin-orders-table","web/app/locale","",""
"","21","shows error state when fetch fails","AddressesManager","2026-10-02","passed","2026-10-02","addresses-manager","web/app/locale","",""
"","63","shows empty state when no customers match the filters","CustomersTable","2026-10-02","passed","2026-10-02","customers-table","web/app/locale","",""
"","19","leaves relative links without target / rel attributes","MarkdownRenderer","2026-10-02","passed","2026-10-02","markdown-renderer","web/components/admin","",""
"","9","allows no transitions out of REFUNDED","","2026-10-02","passed","2026-10-02","terminal state","isValidOrderStatusTransition","",""
"","327","throws NotFound when order does not exist","","2026-10-02","passed","2026-10-02","refundOrder()","OrdersRefundsService","",""
"","6","marks the current step with aria-current=""step""","CheckoutSteps","2026-10-02","passed","2026-10-02","checkout-steps","web/app/locale","",""
"","3","saves analytics=false, marketing=true correctly","useCookieConsentStore: savePreferences","2026-10-02","passed","2026-10-02","cookie-consent.store","web/store/__tests__","",""
"","4","contains standard and express options","SHIPPING_OPTIONS","2026-10-02","passed","2026-10-02","shipping-options","web/app/locale","",""
"","6","renders a placeholder when the snapshot has no image","ConfirmationOrderItems","2026-10-02","passed","2026-10-02","confirmation-order-items","web/app/locale","",""
"","9","shows step 2 in progress indicator","CheckoutShippingMethodForm","2026-10-02","passed","2026-10-02","checkout-shipping-method-form","web/app/locale","",""
"","3","awaits charge.dispute.created so Stripe retries on failure instead of dropping the event (#534)","","2026-10-02","passed","2026-10-02","","StripeWebhooksController","",""
"","3","exits without sending when no users have wishlisted the product","","2026-10-02","passed","2026-10-02","","BackInStockService","",""
"","1204","returns uploadUrl and publicUrl for valid jpeg request","","2026-10-02","passed","2026-10-02","generatePresignedUrl","UploadController","",""
"","12","performs a partial refund — sets PARTIALLY_REFUNDED status","","2026-10-02","passed","2026-10-02","refundOrder()","OrdersRefundsService","",""
"","9","does not show any errors on initial render","ContactForm — rendering","2026-10-02","passed","2026-10-02","contact-form","web/app/locale","",""
"","3","does not capture when posthog SDK is not loaded","PostHog event helpers","2026-10-02","passed","2026-10-02","posthog","web/lib/analytics","",""
"","272","offers a Resend button that calls /resend-verification","RegisterForm — successful registration","2026-10-02","passed","2026-10-02","register-form","web/app/locale","",""
"","0","includes sameAs array","generateOrganizationJsonLd","2026-10-02","passed","2026-10-02","json-ld","web/lib/seo","",""
"","6","throws NotFoundException when user does not exist","","2026-10-02","passed","2026-10-02","findCustomerById()","UsersService","",""
"","10","throws BadRequestException when rawBody is missing","","2026-10-02","passed","2026-10-02","","StripeWebhooksController","",""
"","1","renders subject with last 8 chars of orderId uppercased","","2026-10-02","passed","2026-10-02","","buildRefundProcessedEmail","",""
"","624","renders in light mode by default","Desktop Chrome","2026-10-02","passed","2026-10-02","Theme switching","theme.spec.ts","",""
"","9","shows quantity multiplier for items with quantity > 1","CheckoutOrderSummary","2026-10-02","passed","2026-10-02","checkout-order-summary","web/app/locale","",""
"","84","links to the EDPB list of supervisory authorities","PrivacyPage — structure","2026-10-02","passed","2026-10-02","privacy-page","web/app/locale","",""
"","3","adds product pages for each locale when products are returned","sitemap","2026-10-02","passed","2026-10-02","sitemap","web/app/__tests__","",""
"","3","fires Klaviyo Started Checkout with items + subtotal for abandoned-checkout flow","CheckoutEntry — dispatches checkout-started to every consented channel","2026-10-02","passed","2026-10-02","checkout-entry","web/app/locale","",""
"","14","returns deterministic mock ids derived from the orderId","","2026-10-02","passed","2026-10-02","purchaseLabel","EasypostMockClient","",""
"","6","renders translated status text for REFUNDED","OrderStatusBadge","2026-10-02","passed","2026-10-02","order-status-badge","web/admin/orders","",""
"","5","shows FREE for standard shipping when cart subtotal meets threshold","CheckoutShippingMethodForm","2026-10-02","passed","2026-10-02","checkout-shipping-method-form","web/app/locale","",""
"","1","builds the product URL as /<locale>/products/<slug> so Google can validate it (#455)","generateProductJsonLd","2026-10-02","passed","2026-10-02","json-ld","web/lib/seo","",""
"","4","throws NotFoundException when updating a non-existent slug","","2026-10-02","passed","2026-10-02","update","ProductsService","",""
"","10","does not hit the API on the second call within the TTL window","","2026-10-02","passed","2026-10-02","caching","CurrencyService","",""
"","12","passes the selected period to the API client","KeyMetricsCards","2026-10-02","passed","2026-10-02","key-metrics-cards","web/app/locale","",""
"","16","credits points, stamps the order, writes an EARNED audit row","","2026-10-02","passed","2026-10-02","awardForDelivered","LoyaltyService","",""
"","3","configures button style with buy type, dark theme, and tall height","CheckoutPaymentRequestButton","2026-10-02","passed","2026-10-02","checkout-payment-request-button","web/app/locale","",""
"","71","renders existing product image passed as initial value","ProductImageUpload — rendering","2026-10-02","passed","2026-10-02","product-image-upload","web/app/locale","",""
"","64","renders the dry-run badge when the API reports non-live mode","LabelPurchaseSection — render gating","2026-10-02","passed","2026-10-02","label-purchase-section","web/app/locale","",""
"","11","returns empty feed and logs error when API is unavailable (regression: #288)","Google Shopping Feed","2026-10-02","passed","2026-10-02","google-shopping","web/app/feed","",""
"","21","shows a destructive alert when the reviews fetch rejects","ReviewsSection","2026-10-02","passed","2026-10-02","reviews-section","web/components/features","",""
"","88","omits the comment field when textarea is empty (whitespace only)","ReviewForm","2026-10-02","passed","2026-10-02","review-form","web/components/features","",""
"","69","shows static badge for REFUNDED order (terminal state — no transitions)","AdminOrdersTable — status transitions","2026-10-02","passed","2026-10-02","admin-orders-table","web/app/locale","",""
"","11","shows item quantity","ConfirmationOrderItems","2026-10-02","passed","2026-10-02","confirmation-order-items","web/app/locale","",""
"","89","renders line item with correct product name and quantity","AdminOrderDetail — rendering","2026-10-02","passed","2026-10-02","admin-order-detail","web/app/locale","",""
"","6","returns fallback when the API responds non-OK","","2026-10-02","passed","2026-10-02","getExchangeRates — fallback path","CurrencyService","",""
"","8","renders the generic page-level error description","LocaleError boundary (root /[locale]/error.tsx)","2026-10-02","passed","2026-10-02","error","web/app/locale","",""
"","3","renders price in USD with two decimals and stock as a plain integer","","2026-10-02","passed","2026-10-02","exportToCsv()","ProductsService","",""
"","393","shows generic error message when API returns a server error","ContactForm — error handling","2026-10-02","passed","2026-10-02","contact-form","web/app/locale","",""
"","4","captures order_created with totals and item count","","2026-10-02","passed","2026-10-02","when POSTHOG_API_KEY is configured","AnalyticsService","",""
"","2","throws NotFoundException when the user is missing","","2026-10-02","passed","2026-10-02","getProfile","UsersService","",""
"","24","resolves the payment when payment_intent arrives as an expanded object","","2026-10-02","passed","2026-10-02","handleChargeRefunded","StripeWebhooksService","",""
"","2","logs at info level for 2xx responses","","2026-10-02","passed","2026-10-02","","RequestLoggerMiddleware","",""
"","5","ignores `?` while focus is inside a contentEditable element","HelpButton — `?` keyboard shortcut","2026-10-02","passed","2026-10-02","help-button","web/components/admin","",""
"","5","renders the correct order total","CheckoutOrderSummary","2026-10-02","passed","2026-10-02","checkout-order-summary","web/app/locale","",""
"","1","resolves Tailwind conflicts — the last value wins","cn()","2026-10-02","passed","2026-10-02","utils","web/lib/__tests__","",""
"","3","returns userIds of wishlists containing the product","","2026-10-02","passed","2026-10-02","findUsersWishlistingProduct","WishlistService","",""
"","13","states that custom/personalized pieces are exempt from the standard return policy","TermsPage — returns and refund policy","2026-10-02","passed","2026-10-02","terms-page","web/app/locale","",""
"","2","denies access when user role does not match required role","","2026-10-02","passed","2026-10-02","","RolesGuard","",""
"","5","uses an empty cell for missing optional fields (sku, material)","","2026-10-02","passed","2026-10-02","exportToCsv()","ProductsService","",""
"","1125","home (/en) has no serious or critical WCAG 2.1 AA violations","Desktop Chrome","2026-10-02","passed","2026-10-02","Axe a11y scan","a11y.spec.ts","",""
"","24","fetchAdminStats GETs /api/admin/stats with bearer auth","admin analytics API","2026-10-02","passed","2026-10-02","admin","web/lib/api","",""
"","138","renders thumbnail buttons when there are multiple images","ProductImageGallery","2026-10-02","passed","2026-10-02","product-image-gallery","web/app/locale","",""
"","15","renders a hidden website input that assistive tech skips","ContactForm — honeypot","2026-10-02","passed","2026-10-02","contact-form","web/app/locale","",""
"","211","renders title + description when open","ConfirmDialog — rendering","2026-10-02","passed","2026-10-02","confirm-dialog","web/components/admin","",""
"","17","applies the sm size class","Button","2026-10-02","passed","2026-10-02","button","web/components/ui","",""
"","166","Approve sends a PATCH with status=APPROVED","AdminReviewsTable — moderation actions","2026-10-02","passed","2026-10-02","admin-reviews-table","web/app/locale","",""
"","6","renders description when provided","ErrorMessage","2026-10-02","passed","2026-10-02","error-message","web/components/shared","",""
"","11","sorts by price ascending when sortBy and sortOrder are specified","","2026-10-02","passed","2026-10-02","findAll","ProductsService","",""
"","124","shows the cart heading when cart has items","CartPageContent — with items","2026-10-02","passed","2026-10-02","cart-page-content","web/app/locale","",""
"","54","renders the legal contact email from NEXT_PUBLIC_LEGAL_EMAIL","TermsPage — payment and legal","2026-10-02","passed","2026-10-02","terms-page","web/app/locale","",""
"","8","propagates NotFoundException from authz when the order does not exist","","2026-10-02","passed","2026-10-02","createPaymentIntent","PaymentsService","",""
"","8","passes the period to the API client","OrderStatusBreakdown","2026-10-02","passed","2026-10-02","order-status-breakdown","web/app/locale","",""
"","262","returns products for an existing wishlist, ordered desc by createdAt","","2026-10-02","passed","2026-10-02","getWishlist","WishlistService","",""
"","4","throws NotFoundException when the review does not exist","","2026-10-02","passed","2026-10-02","setSellerReply","ReviewsService","",""
"","4","returns zero counts when database is empty","","2026-10-02","passed","2026-10-02","getStats","AdminService","",""
"","1","rounds to nearest 0.25 inch (jewelry industry standard)","convertLength — imperial system","2026-10-02","passed","2026-10-02","measurementConverter","web/lib/__tests__","",""
"","13","spends points via LoyaltyService when redeeming on a registered user","","2026-10-02","passed","2026-10-02","create()","OrdersService","",""
"","3","delegates to OrdersService.findAll with query params","","2026-10-02","passed","2026-10-02","findAll()","OrdersController","",""
"","1","rounds 2.55 cm to 2.6 cm","convertLength — metric system","2026-10-02","passed","2026-10-02","measurementConverter","web/lib/__tests__","",""
"","18","renders payment badge when payment exists","OrderSummaryCard","2026-10-02","passed","2026-10-02","pure-cards","web/admin/orders","",""
"","1","maps /admin/orders/refunds to orders/refunds (not detail)","getHelpSlugForPath — orders","2026-10-02","passed","2026-10-02","path-to-help-slug","web/lib/admin-help","",""
"","27","renders a link to /checkout","CartSummary — above free shipping threshold ($130)","2026-10-02","passed","2026-10-02","cart-summary","web/app/locale","",""
"","16","renders the ""customOrders"" question text","FaqPage — content + structure","2026-10-02","passed","2026-10-02","page","web/app/[locale]/faq","",""
"","1","handles non-round totals with proper rounding","calculateInstallmentPreview()","2026-10-02","passed","2026-10-02","installment-preview","web/lib/__tests__","",""
"","81","renders all four metric labels","KeyMetricsCards","2026-10-02","passed","2026-10-02","key-metrics-cards","web/app/locale","",""
"","24","fires Klaviyo Added to Cart with added item + line total for abandoned-cart flow","AddToCartButton — dispatches add-to-cart to every consented channel","2026-10-02","passed","2026-10-02","add-to-cart-button","web/components/features","",""
"","136","calls deleteAdminDiscount after dialog confirmation","DiscountsTable","2026-10-02","passed","2026-10-02","discounts-table","web/app/locale","",""
"","5","updateProfile PATCHes /users/me with the given fields","users API","2026-10-02","passed","2026-10-02","users","web/lib/api","",""
"","397","allows PENDING → PAID when Stripe webhook confirms payment","","2026-10-02","passed","2026-10-02","allowed transitions (happy path)","isValidOrderStatusTransition","",""
"","0","rejects a segment containing "".."" (parent dir traversal)","resolveHelpDocPath — path traversal guard","2026-10-02","passed","2026-10-02","load-help-content","web/lib/admin-help","",""
"","59","sets aria-expanded=""false"" on the toggle when menu is closed","MobileNav","2026-10-02","passed","2026-10-02","mobile-nav","web/components/shared","",""
"","0","renders the orders table with the mocked row","Desktop Chrome","2026-10-02","skipped","2026-10-02","Admin flow — orders list + detail","admin-flow.spec.ts","",""
"","13","throws UnauthorizedException when the token belongs to a different user","","2026-10-02","passed","2026-10-02","refreshTokens","AuthService","",""
"","1","maps /admin/orders/production to orders/production (not detail)","getHelpSlugForPath — orders","2026-10-02","passed","2026-10-02","path-to-help-slug","web/lib/admin-help","",""
"","3","throws UnauthorizedException for legacy tokens without tokenId","","2026-10-02","passed","2026-10-02","","JwtRefreshStrategy.validate()","",""
"","2","denies access when user role is not in the required roles list","","2026-10-02","passed","2026-10-02","","RolesGuard","",""
"","4","klaviyoIdentify pushes identify with email","klaviyo analytics helpers","2026-10-02","passed","2026-10-02","klaviyo","web/lib/analytics","",""
"","5","returns false when no user is logged in","useIsAuthenticated()","2026-10-02","passed","2026-10-02","user.store","web/store/__tests__","",""
"","24","accepts a body with an empty honeypot field (real user)","","2026-10-02","passed","2026-10-02","","ContactController","",""
"","131","shows inline strength error after blurring the password field with a weak password","RegisterForm — password strength validation","2026-10-02","passed","2026-10-02","register-form","web/app/locale","",""
"","17","lets the user add a stock=0 IN_STOCK piece to the cart (master will craft it)","AddToCartButton — handmade availability rules","2026-10-02","passed","2026-10-02","add-to-cart-button","web/components/features","",""
"","186","renders the section heading","ConfirmationNextSteps","2026-10-02","passed","2026-10-02","confirmation-next-steps","web/app/locale","",""
"","176","renders a link when href is provided","PaginationArrowButton — active (href provided)","2026-10-02","passed","2026-10-02","pagination-arrow-button","web/app/locale","",""
"","296","shows the check-inbox success state (no auto-login, no redirect)","RegisterForm — successful registration","2026-10-02","passed","2026-10-02","register-form","web/app/locale","",""
"","3","AND-composes all filters when more than one is provided","","2026-10-02","passed","2026-10-02","findAllRefunds()","OrdersRefundsService","",""
"","1","routes each getter to its own env var — no cross-wiring","getPrivacyEmail / getSupportEmail / getLegalEmail","2026-10-02","passed","2026-10-02","contact","web/lib/config","",""
"","2","guards the bump with `usageCount < maxUsages` so concurrent orders cannot exceed the cap","","2026-10-02","passed","2026-10-02","applyOnOrderCreate()","DiscountsService","",""
"","78","shows analytics and marketing toggles in the customise panel","CookieBanner — customise panel","2026-10-02","passed","2026-10-02","cookie-banner","web/components/shared","",""
"","4","has an entry for every OrderStatus value","","2026-10-02","passed","2026-10-02","transition map completeness","isValidOrderStatusTransition","",""
"","75","saves custom preferences to the store when ""Save preferences"" is clicked","CookieBanner — customise panel","2026-10-02","passed","2026-10-02","cookie-banner","web/components/shared","",""
"","1","generateAlt returns localised site title","locale opengraph-image","2026-10-02","passed","2026-10-02","opengraph-image","web/app/locale","",""
"","13","defaults to sorting by createdAt descending","","2026-10-02","passed","2026-10-02","findAll","ProductsService","",""
"","6","passes status filter to service when provided","","2026-10-02","passed","2026-10-02","findAll","AdminOrdersController","",""
"","2","escapes every column the same way the row builder does","","2026-10-02","passed","2026-10-02","","buildCsvDocument","",""
"","1","rejects a country code longer than 2 characters","checkoutAddressSchema","2026-10-02","passed","2026-10-02","checkout-address-schema","web/app/locale","",""
"","6","escapes commas in the shipping address so CSV stays valid","","2026-10-02","passed","2026-10-02","exportToCsv()","OrdersService","",""
"","1","setAll replaces the whole list","wishlist.store","2026-10-02","passed","2026-10-02","wishlist.store","web/store/__tests__","",""
"","1","emits recommended-var warnings even when required vars all pass","","2026-10-02","passed","2026-10-02","","assertProductionEnv","",""
"","3","returns empty refreshToken when neither cookie nor Authorization header present","","2026-10-02","passed","2026-10-02","","JwtRefreshStrategy.validate()","",""
"","54","renders formatted total price","AdminOrdersTable — rendering","2026-10-02","passed","2026-10-02","admin-orders-table","web/app/locale","",""
"","32","renders third-party analytics services","PrivacyPage — structure","2026-10-02","passed","2026-10-02","privacy-page","web/app/locale","",""
"","2","rejects stock = 0 with productionDays = 0 (no lead time committed)","","2026-10-02","passed","2026-10-02","","CreateProductDto productionDays cross-field validation","",""
"","18","is focusable via keyboard","Button","2026-10-02","passed","2026-10-02","button","web/components/ui","",""
"","5","omits addressLine2 when not provided","ConfirmationOrderSummary","2026-10-02","passed","2026-10-02","confirmation-order-summary","web/app/locale","",""
"","5","accepts stock = 0 with productionDays = 1","","2026-10-02","passed","2026-10-02","","CreateProductDto productionDays cross-field validation","",""
"","28","fetchOrderById hits GET /api/orders/:id and parses the response","orders API — public","2026-10-02","passed","2026-10-02","orders","web/lib/api","",""
"","120","shows success state after submission regardless of API outcome","ForgotPasswordForm — submission","2026-10-02","passed","2026-10-02","forgot-password-form","web/app/locale","",""
"","25","fetchAdminDiscounts GETs the admin endpoint with bearer auth","discounts API","2026-10-02","passed","2026-10-02","discounts","web/lib/api","",""
"","43","renders animated skeleton blocks","ShopLoading skeleton","2026-10-02","passed","2026-10-02","loading","web/app/locale","",""
"","15","returns single order by id","","2026-10-02","passed","2026-10-02","findOne","AdminOrdersController","",""
"","2","normalises the lookup code to UPPERCASE — accepts lowercase input","","2026-10-02","passed","2026-10-02","validate()","DiscountsService","",""
"","6","shows loading state until data arrives","TopProductsTable","2026-10-02","passed","2026-10-02","top-products-table","web/app/locale","",""
"","1","includes /shipping entry for each locale","sitemap","2026-10-02","passed","2026-10-02","sitemap","web/app/__tests__","",""
"","5","defaults the threshold to 3 when not provided","","2026-10-02","passed","2026-10-02","countLowStock()","ProductsService","",""
"","6","throws UnauthorizedException on a valid-format token whose orderId does not match","","2026-10-02","passed","2026-10-02","acceptTerms()","OrdersService","",""
"","0","order detail page renders items, address and timeline","Desktop Chrome","2026-10-02","skipped","2026-10-02","Admin flow — orders list + detail","admin-flow.spec.ts","",""
"","11","renders the ""materials"" question text","FaqPage — content + structure","2026-10-02","passed","2026-10-02","page","web/app/[locale]/faq","",""
"","3","createOrder sends Authorization: Bearer when the caller is authenticated","orders API — public","2026-10-02","passed","2026-10-02","orders","web/lib/api","",""
"","0","includes 'self' as the first allowed source","buildContentSecurityPolicy — with nonce","2026-10-02","passed","2026-10-02","security-headers","web/lib","",""
"","36","calls addToWishlist API when authenticated and not yet wishlisted","WishlistButton","2026-10-02","passed","2026-10-02","wishlist-button","web/components/features","",""
"","30","never emits an @example.com placeholder — that would invalidate the policy","PrivacyPage — structure","2026-10-02","passed","2026-10-02","privacy-page","web/app/locale","",""
"","4","falls back to Guest label when guestEmail is null","CustomerInfoCard","2026-10-02","passed","2026-10-02","pure-cards","web/admin/orders","",""
"","4","upserts 2 reviews for the test user with ratings between 1 and 5","","2026-10-02","passed","2026-10-02","","seedReviews","",""
"","2","sets role to null when JWT payload cannot be decoded","useAuthStore","2026-10-02","passed","2026-10-02","auth.store","web/store/__tests__","",""
"","16","returns 0 for an empty cart","useCartTotalItems()","2026-10-02","passed","2026-10-02","cart.store","web/store/__tests__","",""
"","3","refundAdminOrder POSTs to /refund with reason payload","orders API — admin mutations","2026-10-02","passed","2026-10-02","orders","web/lib/api","",""
"","3","throws BadRequestException when no candidate matches the token","","2026-10-02","passed","2026-10-02","resetPassword","AuthService","",""
"","11","shows the ""final state"" message and NO buttons when status is REFUNDED","StatusUpdateSection","2026-10-02","passed","2026-10-02","status-update-section","web/admin/orders","",""
"","4","calls router.push with the new filter param added","useCatalogFilters — updateFilter()","2026-10-02","passed","2026-10-02","use-catalog-filters","web/app/locale","",""
"","0","whitelists https://www.facebook.com (analytics/payment/error ingest)","buildContentSecurityPolicy — with nonce","2026-10-02","passed","2026-10-02","security-headers","web/lib","",""
"","171","renders with the localized ""Buy Now"" label","BuyNowButton","2026-10-02","passed","2026-10-02","buy-now-button","web/components/features","",""
"","1","omits sku when null","generateProductJsonLd","2026-10-02","passed","2026-10-02","json-ld","web/lib/seo","",""
"","130","Hide sends a PATCH with status=HIDDEN","AdminReviewsTable — moderation actions","2026-10-02","passed","2026-10-02","admin-reviews-table","web/app/locale","",""
"","3","fetchMyOrders sends bearer token in Authorization header","orders API — public","2026-10-02","passed","2026-10-02","orders","web/lib/api","",""
"","536","/en/shipping returns 200 with no console errors","Desktop Chrome","2026-10-02","failed","2026-10-02","Pre-launch smoke — every public page","pre-launch-smoke.spec.ts","",""
"","5","groups data by month for 1y period","","2026-10-02","passed","2026-10-02","getRevenueStats","AdminRevenueService","",""
"","10","fires PostHog checkout_started with aggregated item count + total","CheckoutEntry — dispatches checkout-started to every consented channel","2026-10-02","passed","2026-10-02","checkout-entry","web/app/locale","",""
"","105","opens the menu when hamburger is clicked","MobileNav","2026-10-02","passed","2026-10-02","mobile-nav","web/components/shared","",""
"","333","accepts a valid subscribe request with 202","","2026-10-02","passed","2026-10-02","","NewsletterController rate limit","",""
"","5","renders the placeholder (not children) when user has USER role","AdminAuthGuard","2026-10-02","passed","2026-10-02","admin-auth-guard","web/app/locale","",""
"HTTP-level integration test for the Reviews module.

Bootstraps a real Nest application with the same global pipes as production
(ValidationPipe with whitelist/transform), then exercises the REST endpoints
via supertest. This covers the entire flow that broke in browser:
- Content-Type parsing
- DTO validation (rating bounds, types, optional fields)
- JWT guard
- Verified-purchase guard
- Successful creation with empty/missing comment (stars only)

Prisma is fully mocked — no database required.","6","creates review with stars + comment","","2026-10-02","passed","2026-10-02","","Reviews HTTP integration","",""
"","1","handles the locale root (empty path)","buildLocaleAlternates","2026-10-02","passed","2026-10-02","alternates","web/lib/seo","",""
"","1","accepts the upper boundary $1000 ($250 × 4)","calculateInstallmentPreview()","2026-10-02","passed","2026-10-02","installment-preview","web/lib/__tests__","",""
"","299","returns paginated orders list from service","","2026-10-02","passed","2026-10-02","findAll","AdminOrdersController","",""
"","2","returns true when categorySlug is set","useCatalogFilters — hasActiveFilters","2026-10-02","passed","2026-10-02","use-catalog-filters","web/app/locale","",""
"","6","returns / with no query string when page is 1 and no filters","buildPageUrl()","2026-10-02","passed","2026-10-02","build-page-url","web/lib/catalog","",""
"","1","does NOT emit COOP / CORP (NODE_ENV=undefined)","getSecurityHeaders — non-production environments","2026-10-02","passed","2026-10-02","security-headers","web/lib","",""
"","89","fetches data with new period when period button is clicked","RevenueChart — period selector","2026-10-02","passed","2026-10-02","revenue-chart","web/app/locale","",""
"","33","shows the already-subscribed state when the server reports it","NewsletterConfirmClient","2026-10-02","passed","2026-10-02","newsletter-confirm","web/app/locale","",""
"","2","redacts cardNumber and cvv fields","","2026-10-02","passed","2026-10-02","","sanitizeForLog","",""
"","3","hides the banner after rejectAll is called","CookieBanner — visibility","2026-10-02","passed","2026-10-02","cookie-banner","web/components/shared","",""
"","98","hides pagination when only one page","AdminOrdersTable — rendering","2026-10-02","passed","2026-10-02","admin-orders-table","web/app/locale","",""
"","8","renders — em-dash when payment is null","OrderSummaryCard","2026-10-02","passed","2026-10-02","pure-cards","web/admin/orders","",""
"","34","renders the values section","AboutPage — structure","2026-10-02","passed","2026-10-02","about-page","web/app/locale","",""
"","26","falls back to a placeholder image when product.images is empty","ProductCard","2026-10-02","passed","2026-10-02","product-card","web/components/features","",""
"","17","renders the ""customsDuties"" question text","FaqPage — content + structure","2026-10-02","passed","2026-10-02","page","web/app/[locale]/faq","",""
"","2","fires Pinterest pagevisit with product id + price for retargeting audiences","ProductViewTracker — dispatches to every consented channel","2026-10-02","passed","2026-10-02","product-view-tracker","web/app/locale","",""
"","19","renders as an <a> element when asChild is used with <a>","Button","2026-10-02","passed","2026-10-02","button","web/components/ui","",""
"","1","replaces existing page param when navigating to a different page","buildPageUrl()","2026-10-02","passed","2026-10-02","build-page-url","web/lib/catalog","",""
"","22","stays enabled for stock=0 IN_STOCK pieces — master crafts on order","BuyNowButton","2026-10-02","passed","2026-10-02","buy-now-button","web/components/features","",""
"","5","includes full shipping address with state when provided","","2026-10-02","passed","2026-10-02","","buildOrderConfirmationEmail","",""
"","1","resolves multiple conflicting utilities","cn()","2026-10-02","passed","2026-10-02","utils","web/lib/__tests__","",""
"","207","renders the dropzone","ProductImageUpload — rendering","2026-10-02","passed","2026-10-02","product-image-upload","web/app/locale","",""
"","1","rejects a segment with a space","resolveHelpDocPath — path traversal guard","2026-10-02","passed","2026-10-02","load-help-content","web/lib/admin-help","",""
"","2","extracts ADMIN role from JWT payload","useAuthStore","2026-10-02","passed","2026-10-02","auth.store","web/store/__tests__","",""
"","295","sets X-Request-Id response header","","2026-10-02","passed","2026-10-02","","RequestLoggerMiddleware","",""
"","3","returns processed:false for non-tracker events","","2026-10-02","passed","2026-10-02","handleWebhook","ShippingService","",""
"","12","shows loading skeleton while initiating checkout","CheckoutPaymentForm","2026-10-02","passed","2026-10-02","checkout-payment-form","web/app/locale","",""
